text,transliteration
A good cook could cook as many cookies as a good cook who could cook cookies.,ə ɡʊd kʊk kʊd kʊk æz mɛni kʊkiz æz ə ɡʊd kʊk hu kʊd kʊk kʊkiz.
How much dew does a dewdrop drop?,haw mʌt͡ʃ du dowz ə dudɹɑp dɹɑp?
Eleven owls licked eleven little licorice lollipops.,ɪlɛvən awlz lɪkt ɪlɛvən lɪtəl lɪkɹ̩ɪʃ lɑlipɑps.
"When a doctor doctors a doctor, does the doctor doing the doctoring doctor as the doctor being doctored wants to be doctored or does the doctor doing the doctoring doctor as he wants to doctor?","wɛn ə dɑktɹ̩ dɑktɹ̩z ə dɑktɹ̩, dowz ðə dɑktɹ̩ duɪŋ ðə dɑktɹ̩ɪŋ dɑktɹ̩ æz ðə dɑktɹ̩ biɪŋ dɑktɹ̩d wɑnts tə bi dɑktɹ̩d ɔɹ dowz ðə dɑktɹ̩ duɪŋ ðə dɑktɹ̩ɪŋ dɑktɹ̩ æz hi wɑnts tə dɑktɹ̩?"
King Thistle stuck a thousand thistles in the thistle of his thumb.,kɪŋ θɪsəl stʌk ə θawzənd θɪsəlz ɪn ðə θɪsəl ʌv hɪz θʌm.
She sells sea shells by the sea shore.,ʃi sɛlz si ʃɛlz baj ðə si ʃɔɹ.
Kitty caught the kitten in the kitchen.,kɪti kɑt ðə kɪtən ɪn ðə kɪt͡ʃən.
"Whether the weather is warm, whether the weather is hot, we have to put with the weather.","wɛðɹ̩ ðə wɛðɹ̩ ɪz wɔɹm, wɛðɹ̩ ðə wɛðɹ̩ ɪz hɑt, wi hæv tə pʊt wɪð ðə wɛðɹ̩."
A swan swam over the sea.,ə swɑn swæm owvɹ̩ ðə si.
"If two witches were watching two watches, which witch would watch which watch?","ɪf tu wɪt͡ʃəz wɹ̩ wɑt͡ʃɪŋ tu wɑt͡ʃəz, wɪt͡ʃ wɪt͡ʃ wʊd wɑt͡ʃ wɪt͡ʃ wɑt͡ʃ?"
"The big bug bit the little beetle, but the little beetle bit the big bug back.","ðə bɪɡ bʌɡ bɪt ðə lɪtəl bitəl, bʌt ðə lɪtəl bitəl bɪt ðə bɪɡ bʌɡ bæk."
"If you want to buy, buy, if you don't want to buy, bye bye!","ɪf ju wɑnt tə baj, baj, ɪf ju dɑnt wɑnt tə baj, baj baj!"
The blue bluebird blinks.,ðə blu blubɹ̩d blɪŋks.
A tricky frisky snake with sixty super scaly stripes.,ə tɹɪki fɹɪski snejk wɪð sɪksti supɹ̩ skɑli stɹajps.
"I can think of six thin things, but I can think of six thick things too.","aj kæn θɪŋk ʌv sɪks θɪn θɪŋz, bʌt aj kæn θɪŋk ʌv sɪks θɪk θɪŋz tu."
Give papa a cup of coffee in a copper coffee cup.,ɡɪv pɑpə ə kʌp ʌv kɑfi ɪn ə kɑpɹ̩ kɑfi kʌp.
We threw three free throws towards where the three trees grow.,wi θɹu θɹi fɹi θɹowz təwɔɹdz wɛɹ ðə θɹi tɹiz ɡɹow.
How much wood would a woodchuck chuck if a woodchuck could chuck wood?,haw mʌt͡ʃ wʊd wʊd ə wʊdt͡ʃʌk t͡ʃʌk ɪf ə wʊdt͡ʃʌk kʊd t͡ʃʌk wʊd?
A big black bug hit a big black dog on his big black nose.,ə bɪɡ blæk bʌɡ hɪt ə bɪɡ blæk dɔɡ ɑn hɪz bɪɡ blæk nowz.
Red leather yellow leather.,ɹɛd lɛðɹ̩ jɛlow lɛðɹ̩.
"Quick kiss, quick kiss, quick kiss.","kwɪk kɪs, kwɪk kɪs, kwɪk kɪs."
Friendly fleas and fireflies fly away as the air flies.,fɹɛndli fliz ænd fajɹ̩əfliz flaj əwej æz ðə ɛɹ flajz.
My back black brake blocks are broken.,maj bæk blæk bɹejk blɑks ɑɹ bɹowkən.
I saw a kitten eating chicken in the kitchen.,aj sɔ ə kɪtən itɪŋ t͡ʃɪkən ɪn ðə kɪt͡ʃən.
I see he sees high seas she sees.,aj si hi siz haj siz ʃi siz.
Rather Ruth's writings than Roth's wrath.,ɹæðɹ̩ ɹʌθz ɹajtɪŋz ðæn ɹɔθz ɹæθ.
"The third time the three three-toed tree toads tried tying their toes together, the third three-toed tree toad tied the two three-toed tree toads toes to the third toads toes.","ðə θɹ̩d tajm ðə θɹi θɹi-towd tɹi towdz tɹajd tajɪŋ ðɛɹ towz təɡɛðɹ̩, ðə θɹ̩d θɹi-towd tɹi towd tajd ðə tu θɹi-towd tɹi towdz towz tə ðə θɹ̩d towdz towz."
What's a synonym for cinnamon?,wætz ə sɪnənɪm fɔɹ sɪnəmən?
"The theocratic thistle sifter, thrice thrust three thousand thistles through the slick thick of his softly throbbing thumb.","ðə θiəkɹætɪk θɪsəl sɪftɹ̩, θɹajs θɹʌst θɹi θawzənd θɪsəlz θɹu ðə slɪk θɪk ʌv hɪz sɔftli θɹɑbɪŋ θʌm."
"He thrusts his fists against the posts, and still insists he sees the ghosts.","hi θɹʌsts hɪz fɪsts əɡɛnst ðə powsts, ænd stɪl ɪnsɪsts hi siz ðə ɡowsts."
Grandma grabbed a gram of gummy goulash.,ɡɹæmɑ ɡɹæbd ə ɡɹæm ʌv ɡʌmi ɡulɑʃ.
"I thought the haughty professor taught ontology, but the naughty tortoise taught us tautology.","aj θɔt ðə hɔti pɹəfɛsɹ̩ tɔt ɑntɑləd͡ʒi, bʌt ðə nɔti tɔɹtəs tɔt ʌs tɔtɑləd͡ʒi."
"If a dog chews shoes, whose shoes does he choose?","ɪf ə dɔɡ t͡ʃuz ʃuz, huz ʃuz dowz hi t͡ʃuz?"
Wilson Winston winched whilst he minched a squinting prince.,wɪlsən wɪnstən wɪnkt wɪlst hi mɪnt͡ʃt ə skwɪntɪŋ pɹɪns.
Willy's wooden whistle wouldn't whistle when Willy went wild.,wɪlɪz wʊdən wɪsəl wʊdnt wɪsəl wɛn wɪli wɛnt wajld.
In shoulder surgery some surgeons sew soldier's shoulders.,ɪn ʃowldɹ̩ sɹ̩d͡ʒɹ̩i sʌm sɹ̩d͡ʒənz sow sowld͡ʒɹz ʃowldɹ̩z.
An illusory vision is a visionary illusion.,æn ɪlusɹ̩i vɪʒən ɪz ə vɪʒənɛɹi ɪluʒən.
How many rats would the ruskies roast if the ruskies could roast rats?,haw mɛni ɹæts wʊd ðə ɹʌskiz ɹowst ɪf ðə ɹʌskiz kʊd ɹowst ɹæts?
How many cats would a caddie catch if a caddie could catch cats?,haw mɛni kæts wʊd ə kædi kæt͡ʃ ɪf ə kædi kʊd kæt͡ʃ kæts?
Some soldiers sent epistles saying they'd sooner sleep on thistles than those saucy soft short shirts for soldiers which Sister Susie sews.,sʌm sowld͡ʒɹ̩z sɛnt ɪpɪstəlz sejɪŋ ðejd sunɹ̩ slip ɑn θɪsəlz ðæn ðowz sɔsi sɑft ʃɔɹt ʃɹ̩ts fɔɹ sowld͡ʒɹ̩z wɪt͡ʃ sɪstɹ̩ suzi suz.
If colored caterpillars could change their colors constantly could they keep their colored coat colored properly?,ɪf kʌlɹ̩d kætəpɪlɹ̩z kʊd t͡ʃejnd͡ʒ ðɛɹ kʌlɹ̩z kɑnstəntli kʊd ðej kip ðɛɹ kʌlɹ̩d kowt kʌlɹ̩d pɹɑpɹ̩li?
How much caramel can a canny cannonball cram into a camel if a canny cannonball can cram caramel into a camel?,haw mʌt͡ʃ kɛɹəməl kæn ə kæni kænənbɔl kɹæm ɪntu ə kæməl ɪf ə kæni kænənbɔl kæn kɹæm kɛɹəməl ɪntu ə kæməl?
"While these fleas flew, freezy breeze blew.","wajl ðiz fliz flu, fɹizi bɹiz blu."
Freezy breeze made these three trees freeze.,fɹizi bɹiz mejd ðiz θɹi tɹiz fɹiz.
Freezy trees made these tree's cheese freeze.,fɹizi tɹiz mejd ðiz tɹiz t͡ʃiz fɹiz.
How much juice does a fruit juice producer produce when a fruit juice producer produces fruit juice?,haw mʌt͡ʃ d͡ʒus dowz ə fɹut d͡ʒus pɹədusɹ̩ pɹowdus wɛn ə fɹut d͡ʒus pɹədusɹ̩ pɹədusɪz fɹut d͡ʒus?
I slit the sheet and sat on the slitted sheet.,aj slɪt ðə ʃit ænd sæt ɑn ðə slɪtɪd ʃit.
"When she shifts she sips, and when she sips she shifts.","wɛn ʃi ʃɪfts ʃi sɪps, ænd wɛn ʃi sɪps ʃi ʃɪfts."
A canner can can anything that he can.,ə kænɹ̩ kæn kæn ɛniθɪŋ ðæt hi kæn.
"A canner can't can a can, can he?","ə kænɹ̩ kænt kæn ə kæn, kæn hi?"
To sit in solemn silence on a dull dark dock in a pestilential prison with a lifelong lock.,tə sɪt ɪn sɑləm sajləns ɑn ə dʌl dɑɹk dɑk ɪn ə pɛstəlɛnt͡ʃəl pɹɪzən wɪð ə lajflɔŋ lɑk.
Awaiting the sensation of a short sharp shock from a cheap and chippy chopper on a big black block.,əwejtɪŋ ðə sɛnsejʃən ʌv ə ʃɔɹt ʃɑɹp ʃɑk fɹʌm ə t͡ʃip ænd t͡ʃɪpi t͡ʃɑpɹ̩ ɑn ə bɪɡ blæk blɑk.
"How much Zen would a Zen master master, if a Zen master could master all the Zen?","haw mʌt͡ʃ zɛn wʊd ə zɛn mæstɹ̩ mæstɹ̩, ɪf ə zɛn mæstɹ̩ kʊd mæstɹ̩ ɔl ðə zɛn?"
The piper pickled a peck of pickled peppers.,ðə pajpɹ̩ pɪkəld ə pɛk ʌv pɪkəld pɛpɹ̩z.
A tutor who tooted the flute tried to tutor two tooters to toot.,ə tutɹ̩ hu tutɪd ðə flut tɹajd tə tutɹ̩ tu tutɹ̩z tə tut.
Round and round the rugged rock the ragged rascal ran.,ɹawnd ænd ɹawnd ðə ɹʌɡəd ɹɑk ðə ɹæɡəd ɹæskəl ɹæn.
The sixth sick sheik's sixth sheep's sick.,ðə sɪksθ sɪk ʃiks sɪksθ ʃipz sɪk.
The winkle ship sank and the shrimp ship swam.,ðə wɪŋkəl ʃɪp sæŋk ænd ðə ʃɹɪmp ʃɪp swæm.
An old seabear sit on a pier and drinks a pint of beer.,æn owld sibɛɹ sɪt ɑn ə pɪɹ ænd dɹɪŋks ə pajnt ʌv bɪɹ.
"The shells she sells are sea shells, I am sure.","ðə ʃɛlz ʃi sɛlz ɑɹ si ʃɛlz, aj æm ʃʊɹ."
This can opener can open any can that can be opened by a can opener.,ðɪs kæn owpənɹ̩ kæn owpən ɛni kæn ðæt kæn bi owpənd baj ə kæn owpənɹ̩.
"A skunk sat on a stump and thunk the stump stunk, but the stump thunk the skunk stunk.","ə skʌŋk sæt ɑn ə stʌmp ænd θʌŋk ðə stʌmp stʌŋk, bʌt ðə stʌmp θʌŋk ðə skʌŋk stʌŋk."
Tie a tight knot in the shape of a nought.,taj ə tajt nɑt ɪn ðə ʃejp ʌv ə nɔt.
"It's not the cough that carries you off, it's the coffin they carry you off in!","ɪts nɑt ðə kɑf ðæt kæɹiz ju ɔf, ɪts ðə kɔfɪn ðej kæɹi ju ɔf ɪn!"
Crisp crusts crackle and crunch.,kɹɪsp kɹʌsts kɹækəl ænd kɹʌnt͡ʃ.
"If a black bug bleeds black blood, what does a blue bug bleed?","ɪf ə blæk bʌɡ blidz blæk blʌd, wʌt dowz ə blu bʌɡ blid?"
The thirty three thieves thought that they thrilled the throne throughout Thursday.,ðə θɹ̩di θɹi θivz θɔt ðæt ðej θɹɪld ðə θɹown θɹuawt θɹ̩zdi.
An ape hates grape cakes.,æn ejp hejts ɡɹejp kejks.
"I thought a thought, but the thought I thought wasn't the thought I thought I thought.","aj θɔt ə θɔt, bʌt ðə θɔt aj θɔt wɑsnt ðə θɔt aj θɔt aj θɔt."
Six slippery snails slid slowly seaward.,sɪks slɪpɹ̩i snejlz slɪd slowli siwɹ̩d.
Sounding by sound is a sound method of sounding sounds.,sawndɪŋ baj sawnd ɪz ə sawnd mɛθəd ʌv sawndɪŋ sawndz.
A sailor went to sea to see what he could see.,ə sejlɹ̩ wɛnt tə si tə si wʌt hi kʊd si.
These thousand tricky tongue twisters trip thrillingly off the tongue.,ðiz θawzənd tɹɪki tʌŋ twɪstɹ̩z tɹɪp θɹɪləɡli ɔf ðə tʌŋ.
"I wish to wish the wish you wish to wish, but if you wish the wish the witch wishes, I won't wish the wish you wish to wish.","aj wɪʃ tə wɪʃ ðə wɪʃ ju wɪʃ tə wɪʃ, bʌt ɪf ju wɪʃ ðə wɪʃ ðə wɪt͡ʃ wɪʃɪz, aj wɑnt wɪʃ ðə wɪʃ ju wɪʃ tə wɪʃ."
I thought of thinking of thanking you.,aj θɔt ʌv θɪŋkɪŋ ʌv θæŋkɪŋ ju.
A good cook could cook as much cookies as a good cook who could cook cookies.,ə ɡʊd kʊk kʊd kʊk æz mʌt͡ʃ kʊkiz æz ə ɡʊd kʊk hu kʊd kʊk kʊkiz.
Any noise annoys an oyster but a noisy noise annoys an oyster more.,ɛni nojz ənojz æn ojstɹ̩ bʌt ə nojzi nojz ənojz æn ojstɹ̩ mɔɹ.
Growing gray goats graze great green grassy groves.,ɡɹowɪŋ ɡɹej ɡowts ɡɹejz ɡɹejt ɡɹin ɡɹæsi ɡɹowvz.
Vincent vowed vengeance very vehemently.,vɪnsənt vawd vɛnd͡ʒəns vɛɹi viəməntli.
Which wrist watches are Swiss wrist watches?,wɪt͡ʃ ɹɪst wɑt͡ʃəz ɑɹ swɪs ɹɪst wɑt͡ʃəz?
Four furious friends fought for the phone.,fɔɹ fjʊɹiəs fɹɛndz fɔt fɔɹ ðə fown.
The cat catchers can't catch caught cats.,ðə kæt kæt͡ʃɹ̩z kænt kæt͡ʃ kɑt kæts.
Three fluffy feathers fell from Phoebe's flimsy fan.,θɹi flʌfi fɛðɹ̩z fɛl fɹʌm fbɛz flɪmzi fæn.
Rory's lawn rake rarely rakes really right.,ɹɔɹɪz lɔn ɹejk ɹɛɹli ɹejks ɹɪli ɹajt.
She should shun the shining sun.,ʃi ʃʊd ʃʌn ðə ʃajnɪŋ sʌn.
Cooks cook cupcakes quickly.,kʊks kʊk kʌpkejks kwɪkli.
She sold six shabby sheared sheep on ship.,ʃi sowld sɪks ʃæbi ʃɪɹd ʃip ɑn ʃɪp.
Mix a box of mixed biscuits with a boxed biscuit mixer.,mɪks ə bɑks ʌv mɪkst bɪskəts wɪð ə bɑkst bɪskət mɪksɹ̩.
Twelve twins twirled twelve twigs.,twɛlv twɪnz twɹ̩ld twɛlv twɪɡz.
"If you notice this notice, you will notice this notice is not worth noticing.","ɪf ju nowtəs ðɪs nowtəs, ju wɪl nowtəs ðɪs nowtəs ɪz nɑt wɹ̩θ nowtɪsɪŋ."
The bottom of the butter bucket is the buttered bucket bottom.,ðə bɑtəm ʌv ðə bʌtɹ̩ bʌkət ɪz ðə bʌtɹ̩d bʌkət bɑtəm.
Five frantic frogs fled from fifty fierce fishes.,fajv fɹæntɪk fɹɑɡz flɛd fɹʌm fɪfti fɪɹs fɪʃəz.
Betty and Bob bought back blue balloons from the big bazaar,bɛti ænd bɑb bɑt bæk blu bəlunz fɹʌm ðə bɪɡ bəzɑɹ
Susie sits shinning silver shoes.,suzi sɪts ʃɪnɪŋ sɪlvɹ̩ ʃuz.
little Lillian lets lazy lizards lie along the lily pads.,lɪtəl lɪliən lɛts lejzi lɪzɹ̩dz laj əlɔŋ ðə lɪli pædz.
Does your sport shop stock short socks with spots?,dowz jɔɹ spɔɹt ʃɑp stɑk ʃɔɹt sɑks wɪð spɑts?
Many mumbling mice are making merry music in the moonlight.,mɛni mʌmbəlɪŋ majs ɑɹ mejkɪŋ mɛɹi mjuzɪk ɪn ðə munlajt.
The boot black bought the black boot back.,ðə but blæk bɑt ðə blæk but bæk.
"Each Easter, Eddie eats eighty Easter eggs.","it͡ʃ istɹ̩, ɛdi its ejti istɹ̩ ɛɡz."
The great Greek grape growers grow great Greek grapes.,ðə ɡɹejt ɡɹik ɡɹejp ɡɹowɹ̩z ɡɹow ɡɹejt ɡɹik ɡɹejps.
No need to light a night light on a light night like tonight.,now nid tə lajt ə najt lajt ɑn ə lajt najt lajk tənajt.
Green glass globes glow greenly.,ɡɹin ɡlæs ɡlɑbz ɡlow ɡɹinli.
Clean clams crammed in clean cans.,klin klæmz kɹæmd ɪn klin kænz.
A slimey snake slithered down the sandy Sahara.,ə slajmi snejk slajðɹ̩d dawn ðə sændi səhɛɹə.
Bake big batches of bitter brown bread.,bejk bɪɡ bæt͡ʃəz ʌv bɪtɹ̩ bɹawn bɹɛd.
"Six socks sit in a sink, soaking in soap suds.","sɪks sɑks sɪt ɪn ə sɪŋk, sowkɪŋ ɪn sowp sʌdz."
Shave a single shingle thin.,ʃejv ə sɪŋɡəl ʃɪŋɡəl θɪn.
I saw Susie sitting in a shoe shine shop.,aj sɔ suzi sɪtɪŋ ɪn ə ʃu ʃajn ʃɑp.
Freed flies feed on fries.,fɹid flajz fid ɑn fɹajz.
Don't trouble the trouble till the trouble troubles you.,dɑnt tɹʌbəl ðə tɹʌbəl tɪl ðə tɹʌbəl tɹʌbəlz ju.
"If a dog chews shoes, whose shoes does he choose?","ɪf ə dɔɡ t͡ʃuz ʃuz, huz ʃuz dowz hi t͡ʃuz?"
Dan does work in Derick's dark den.,dæn dowz wɹ̩k ɪn dɛɹɪkz dɑɹk dɛn.
Did Fred fry fresh fruit on Friday?,dɪd fɹɛd fɹaj fɹɛʃ fɹut ɑn fɹajdi?
Slimy snakes sailed stormy seas.,slajmi snejks sejld stɔɹmi siz.
I saw he saw me sitting on a seesaw.,aj sɔ hi sɔ mi sɪtɪŋ ɑn ə sisɔ.
"How many boards could the Mongol hordes hoard, if the Mongol hordes got bored?","haw mɛni bɔɹdz kʊd ðə mɑŋɡəl hɔɹdz hɔɹd, ɪf ðə mɑŋɡəl hɔɹdz ɡɑt bɔɹd?"
How can a clam cram in a clean cream can?,haw kæn ə klæm kɹæm ɪn ə klin kɹim kæn?
Send toast to ten tense stout saint's ten tall tents.,sɛnd towst tə tɛn tɛns stawt sejntz tɛn tɔl tɛnts.
Coy knows pseudonoise codes.,koj nowz sudənwz kowdz.
A fisherman fished for some fish in a fissure.,ə fɪʃɹ̩mæn fɪʃt fɔɹ sʌm fɪʃ ɪn ə fɪʃɹ̩.
Picky people pick PeterPan peanut butter.,pɪki pipəl pɪk pitɹ̩pæn pinət bʌtɹ̩.
Wayne went to Wales to watch walruses.,wejn wɛnt tə wejlz tə wɑt͡ʃ wɑlɹəsɪz.
If Pickford's packers packed a packet of crisps would the packet of crisps that Pickford's packers packed survive for two and a half years?,ɪf pɪkfɔɹdz pækɹ̩z pækt ə pækət ʌv kɹɪsps wʊd ðə pækət ʌv kɹɪsps ðæt pɪkfɔɹdz pækɹ̩z pækt sɹ̩vajv fɔɹ tu ænd ə hæf jɪɹz?
Six sleek swans swam swiftly southwards.,sɪks slik swɑnz swæm swɪftli sawθwɹ̩dz.
Gobbling gorgoyles gobbled gobbling goblins.,ɡɑbəlɪŋ ɡɔɹɡojlz ɡɑbəld ɡɑbəlɪŋ ɡɑblɪnz.
Did Dick Pickens prick his pinkie pickling cheap cling peaches in an inch of Pinch or framing his famed French finch photos?,dɪd dɪk pɪkənz pɹɪk hɪz pɪŋki pɪklɪŋ t͡ʃip klɪŋ pit͡ʃəz ɪn æn ɪnt͡ʃ ʌv pɪnt͡ʃ ɔɹ fɹejmɪŋ hɪz fejmd fɹɛnt͡ʃ fɪnt͡ʃ fowtowz?
The pirates pirated private property.,ðə pajɹəts pajɹətɪd pɹajvət pɹɑpɹ̩ti.
When you write copy you have the right to copyright the copy you write.,wɛn ju ɹajt kɑpi ju hæv ðə ɹajt tə kɑpiɹajt ðə kɑpi ju ɹajt.
"A groundhog would hog all the ground he could hog, if a groundhog could hog ground.","ə ɡɹawndhɑɡ wʊd hɑɡ ɔl ðə ɡɹawnd hi kʊd hɑɡ, ɪf ə ɡɹawndhɑɡ kʊd hɑɡ ɡɹawnd."
"How much pot, could a pot roast roast, if a pot roast could roast pot.","haw mʌt͡ʃ pɑt, kʊd ə pɑt ɹowst ɹowst, ɪf ə pɑt ɹowst kʊd ɹowst pɑt."
"How many cans can a cannibal nibble, if a cannibal can nibble cans?","haw mɛni kænz kæn ə kænəbəl nɪbəl, ɪf ə kænəbəl kæn nɪbəl kænz?"
"If you're keen on stunning kites and cunning stunts, buy a cunning stunning stunt kite.","ɪf jɹ kin ɑn stʌnɪŋ kajts ænd kʌnɪŋ stʌnts, baj ə kʌnɪŋ stʌnɪŋ stʌnt kajt."
Whether the temperature's rises or whether the temperature falls the nature watcher just watches the catcher who's watching the pitcher who's watching the balls.,wɛðɹ̩ ðə tɛmpɹət͡ʃɹ̩əz ɹajzəz ɔɹ wɛðɹ̩ ðə tɛmpɹət͡ʃɹ̩ fɔlz ðə nejt͡ʃɹ̩ wɑt͡ʃɹ̩ d͡ʒʌst wɑt͡ʃəz ðə kæt͡ʃɹ̩ hɑz wɑt͡ʃɪŋ ðə pɪt͡ʃɹ̩ hɑz wɑt͡ʃɪŋ ðə bɔlz.
I saw an excited executioner exercising his excising powers excessively.,aj sɔ æn ɪksajtəd ɛksəkjuʃənɹ̩ ɛksɹ̩sajzɪŋ hɪz ɪksajzɪŋ pawɹ̩z ɪksɛsɪvli.
Pail of ale aiding ailing Al's travails.,pejl ʌv ejl ejdɪŋ ejlɪŋ ælz tɹəvejlz.
A gazillion gigantic grapes gushed gradually giving gophers gooey guts.,ə ɡɑzɪljən d͡ʒajɡæntɪk ɡɹejps ɡʌʃt ɡɹæd͡ʒuəli ɡɪvɪŋ ɡowfɹ̩z ɡui ɡʌts.
The owner of the inside inn was inside his inside inn with his inside outside his inside inn.,ðə ownɹ̩ ʌv ðə ɪnsajd ɪn wɑz ɪnsajd hɪz ɪnsajd ɪn wɪð hɪz ɪnsajd awtsajd hɪz ɪnsajd ɪn.
"There those thousand thinkers were thinking, where did those other three thieves go through.","ðɛɹ ðowz θawzənd θɪŋkɹ̩z wɹ̩ θɪŋkɪŋ, wɛɹ dɪd ðowz ʌðɹ̩ θɹi θivz ɡow θɹu."
"A turbot's not a burbot, for a turbot's a butt, but a burbot's not.","ə tɹ̩bowtz nɑt ə bɹ̩bət, fɔɹ ə tɹ̩bowtz ə bʌt, bʌt ə bɹ̩bowtz nɑt."
Five fuzzy French frogs frolicked through the fields in France.,fajv fʌzi fɹɛnt͡ʃ fɹɑɡz fɹɑlɪkt θɹu ðə fildz ɪn fɹæns.
How much ground could a groundhog grind if a groundhog could grind ground?,haw mʌt͡ʃ ɡɹawnd kʊd ə ɡɹawndhɑɡ ɡɹajnd ɪf ə ɡɹawndhɑɡ kʊd ɡɹajnd ɡɹawnd?
Thirty-three thousand people think that Thursday is their thirtieth birthday.,θɹ̩di-θɹi θawzənd pipəl θɪŋk ðæt θɹ̩zdi ɪz ðɛɹ θɹ̩tiəθ bɹ̩θdej.
How may saws could a see-saw saw if a see-saw could saw saws?,haw mej sɔz kʊd ə si-sɔ sɔ ɪf ə si-sɔ kʊd sɔ sɔz?
A wood turtle would hurdle as much myrtle as a wood turtle could hurdle if a wood turtle could hurdle myrtle.,ə wʊd tɹ̩təl wʊd hɹ̩dəl æz mʌt͡ʃ mɹ̩təl æz ə wʊd tɹ̩təl kʊd hɹ̩dəl ɪf ə wʊd tɹ̩təl kʊd hɹ̩dəl mɹ̩təl.
Shut up the shutters and sit in the shop.,ʃʌt ʌp ðə ʃʌtɹ̩z ænd sɪt ɪn ðə ʃɑp.
An elephant was asphyxiated in the asphalt.,æn ɛləfənt wɑz æsfiksiejtɪd ɪn ðə æsfɔlt.
There was a minimum of cinnamon in the aluminum pan.,ðɛɹ wɑz ə mɪnəməm ʌv sɪnəmən ɪn ðə əlumənəm pæn.
How much oil boil can a gum boil boil if a gum boil can boil oil?,haw mʌt͡ʃ ojl bojl kæn ə ɡʌm bojl bojl ɪf ə ɡʌm bojl kæn bojl ojl?
No nose knows like a gnome's nose knows.,now nowz nowz lajk ə nɑmɛz nowz nowz.
Ripe white wheat reapers reap ripe white wheat right.,ɹajp wajt wit ɹipɹ̩z ɹip ɹajp wajt wit ɹajt.
Blake's black bike's back brake bracket block broke.,blejkəz blæk bajkəz bæk bɹejk bɹækɪt blɑk bɹowk.
"A rough-coated, dough-faced, thoughtful ploughman strode through the streets of Scarborough; after falling into a slough, he coughed and hiccoughed.","ə ɹʌf-kowtəd, dow-fejst, θɔtfəl plawmən stɹowd θɹu ðə stɹits ʌv skɑɹbɹ̩ow; æftɹ̩ fɔlɪŋ ɪntu ə slʌf, hi kɔft ænd hɪkawfd."
Mrs Hunt had a country cut front in the front of her country cut pettycoat.,mɪsɪz hʌnt hæd ə kʌntɹi kʌt fɹʌnt ɪn ðə fɹʌnt ʌv hɹ̩ kʌntɹi kʌt pɛtajkowt.
Can you imagine an imaginary menagerie manager imagining managing an imaginary menagerie?,kæn ju ɪmæd͡ʒən æn ɪmæd͡ʒənɛɹi mənæd͡ʒɹ̩i mænəd͡ʒɹ̩ ɪmæd͡ʒənɪŋ mænɪd͡ʒɪŋ æn ɪmæd͡ʒənɛɹi mənæd͡ʒɹ̩i?
Clowns grow glowing crowns.,klawnz ɡɹow ɡlowɪŋ kɹawnz.
If you stick a stock of liquor in your locker it is slick to stick a lock upon your stock or some joker who is slicker is going to trick you of your liquor if you fail to lock your liquor with a lock.,ɪf ju stɪk ə stɑk ʌv lɪkɹ̩ ɪn jɔɹ lɑkɹ̩ ɪt ɪz slɪk tə stɪk ə lɑk əpɑn jɔɹ stɑk ɔɹ sʌm d͡ʒowkɹ̩ hu ɪz slɪkɹ̩ ɪz ɡowɪŋ tə tɹɪk ju ʌv jɔɹ lɪkɹ̩ ɪf ju fejl tə lɑk jɔɹ lɪkɹ̩ wɪð ə lɑk.
The soldier's shoulder surely hurts.,ðə sowld͡ʒɹz ʃowldɹ̩ ʃʊɹli hɹ̩ts.
She sees seas slapping shores.,ʃi siz siz slæpɪŋ ʃɔɹz.
Six sick sea-serpents swam the seven seas.,sɪks sɪk si-sɹ̩pənts swæm ðə sɛvən siz.
There was a little witch which switched from Chichester to Ipswich.,ðɛɹ wɑz ə lɪtəl wɪt͡ʃ wɪt͡ʃ swɪt͡ʃt fɹʌm t͡ʃɪt͡ʃɛstɹ̩ tə ɪpswɪt͡ʃ.
Seven slick and sexy sealskin ski suits slid slowly down the slope.,sɛvən slɪk ænd sɛksi silskɪn ski suts slɪd slowli dawn ðə slowp.
If you go for a gopher a gopher will go for a gopher hole.,ɪf ju ɡow fɔɹ ə ɡowfɹ̩ ə ɡowfɹ̩ wɪl ɡow fɔɹ ə ɡowfɹ̩ howl.
The crow flew over the river with a lump of raw liver.,ðə kɹow flu owvɹ̩ ðə ɹɪvɹ̩ wɪð ə lʌmp ʌv ɹɔ lɪvɹ̩.
"Mares eat oats and does eat oats, but little lambs eat ivy.","mɛɹz it owts ænd dowz it owts, bʌt lɪtəl læmz it ajvi."
"The king would sing, about a ring that would go ding.","ðə kɪŋ wʊd sɪŋ, əbawt ə ɹɪŋ ðæt wʊd ɡow dɪŋ."
"Bob Dole would dole as much dough as Bob Dole could dole, if Bob Dole could dole dough.","bɑb dowl wʊd dowl æz mʌt͡ʃ dow æz bɑb dowl kʊd dowl, ɪf bɑb dowl kʊd dowl dow."
A nurse anesthetist unearthed a nest.,ə nɹ̩s ənɛsθətəst ənɹ̩θt ə nɛst.
"We will learn why her lowly lone, worn yarn loom will rarely earn immoral money.","wi wɪl lɹ̩n waj hɹ̩ lowli lown, wɔɹn jɑɹn lum wɪl ɹɛɹli ɹ̩n ɪmɔɹəl mʌni."
Don't spring on the inner-spring this spring or there will be an offspring next spring.,dɑnt spɹɪŋ ɑn ðə ɪnɹ̩-spɹɪŋ ðɪs spɹɪŋ ɔɹ ðɛɹ wɪl bi æn ɔfspɹɪŋ nɛkst spɹɪŋ.
A happy hippo hopped and hiccupped.,ə hæpi hɪpow hɑpt ænd hɪkʌpt.
How many pounds in a groundhog's mound when a groundhog pounds hog mounds?,haw mɛni pawndz ɪn ə ɡɹawndhowɡz mawnd wɛn ə ɡɹawndhɑɡ pawndz hɑɡ mawndz?
There was a little witch which switched from Chichester to Ipswich.,ðɛɹ wɑz ə lɪtəl wɪt͡ʃ wɪt͡ʃ swɪt͡ʃt fɹʌm t͡ʃɪt͡ʃɛstɹ̩ tə ɪpswɪt͡ʃ.
A yelling yellow yeti yelled at the yawning yeoman.,ə jɛlɪŋ jɛlow jɛti jɛld æt ðə jɔnɪŋ jowmən.
Tell Tom the ticket taker to take the ticket to the ticket wicket.,tɛl tɑm ðə tɪkət tejkɹ̩ tə tejk ðə tɪkət tə ðə tɪkət wɪkət.
She surely suits shiny sleek short skirts.,ʃi ʃʊɹli suts ʃajni slik ʃɔɹt skɹ̩ts.
She snapped a selfie with Sophie's silver cell phone.,ʃi snæpt ə sɛlfi wɪð səfiz sɪlvɹ̩ sɛl fown.
Washing the washing machine while watching the washing machine washing washing.,wɑʃɪŋ ðə wɑʃɪŋ məʃin wajl wɑt͡ʃɪŋ ðə wɑʃɪŋ məʃin wɑʃɪŋ wɑʃɪŋ.
How many wenches could a witch's wench wrench wrench if a witch's wench wrench could wrench wenches?,haw mɛni wɛnt͡ʃɪz kʊd ə wɪt͡ʃz wɛnk ɹɛnt͡ʃ ɹɛnt͡ʃ ɪf ə wɪt͡ʃz wɛnk ɹɛnt͡ʃ kʊd ɹɛnt͡ʃ wɛnt͡ʃɪz?
Quick queens quack quick quacks quicker than quacking quails.,kwɪk kwinz kwæk kwɪk kwæks kwɪkɹ̩ ðæn kwækɪŋ kwejlz.
Three free fleas flew freely through the flu.,θɹi fɹi fliz flu fɹili θɹu ðə flu.
"Nope, an antelope can't elope with a cantelope.","nowp, æn æntəlowp kænt ɪlowp wɪð ə kæntəlowp."
An inchworm inches on ivy that itches.,æn ɪnt͡ʃwɹ̩m ɪnt͡ʃəz ɑn ajvi ðæt ɪt͡ʃəz.
Many an anemone sees an enemy anemone.,mɛni æn ænɪmown siz æn ɛnəmi ænɪmown.
Frozen Floyd flicks fat fleas for a fixed flat fee.,fɹowzən flojd flɪks fæt fliz fɔɹ ə fɪkst flæt fi.
The greedy Greek geek agreed.,ðə ɡɹidi ɡɹik ɡik əɡɹid.
The children eat the chicken in the kitchen.,ðə t͡ʃɪldɹən it ðə t͡ʃɪkən ɪn ðə kɪt͡ʃən.
How many bears could Bear Grills grill if Bear grills could grill bears?,haw mɛni bɛɹz kʊd bɛɹ ɡɹɪlz ɡɹɪl ɪf bɛɹ ɡɹɪlz kʊd ɡɹɪl bɛɹz?
Carolina Herrera resides in the rural area with her running horses.,kɛɹəlajnə hɹ̩ɛɹə ɹɪzajdz ɪn ðə ɹʊɹəl ɛɹiə wɪð hɹ̩ ɹʌnɪŋ hɔɹsəz.
Four poor fools filled four pools full.,fɔɹ pʊɹ fulz fɪld fɔɹ pulz fʊl.
My back black brake blocks are broken.,maj bæk blæk bɹejk blɑks ɑɹ bɹowkən.
I see he sees high seas she sees.,aj si hi siz haj siz ʃi siz.
Willy's wooden whistle wouldn't whistle when Willy went wild.,wɪlɪz wʊdən wɪsəl wʊdnt wɪsəl wɛn wɪli wɛnt wajld.
A snake sneaks to seek a snack.,ə snejk sniks tə sik ə snæk.
It dawned on the don at dawn.,ɪt dɔnd ɑn ðə dɑn æt dɔn.
My Swiss miss misses me.,maj swɪs mɪs mɪsəz mi.
How many tow trucks would a tow truck tow if a tow truck could tow tow trucks?,haw mɛni tow tɹʌks wʊd ə tow tɹʌk tow ɪf ə tow tɹʌk kʊd tow tow tɹʌks?
Which Swiss witch switched the Swiss wristwatches?,wɪt͡ʃ swɪs wɪt͡ʃ swɪt͡ʃt ðə swɪs ɹɪstwɑt͡ʃɪz?
Ken can ken that Ken's kin can ken Ken's kin's ken.,kɛn kæn kɛn ðæt kɛnz kɪn kæn kɛn kɛnz kɪnz kɛn.
Three tired tigers try to throw three trees.,θɹi tajɹ̩d tajɡɹ̩z tɹaj tə θɹow θɹi tɹiz.
They think that their teeth get thinner at times they want to taste thick meat.,ðej θɪŋk ðæt ðɛɹ tiθ ɡɛt θɪnɹ̩ æt tajmz ðej wɑnt tə tejst θɪk mit.
"Tell a tale of a tall tailed dog, that told Tim it tap a tall ale and thump the top of Tim's tomb.","tɛl ə tejl ʌv ə tɔl tejld dɔɡ, ðæt towld tɪm ɪt tæp ə tɔl ejl ænd θʌmp ðə tɑp ʌv tɪmz tum."
Lenny Lou leopard led leprechauns leaping like lemmings.,lɛni lu lɛpɹ̩d lɛd lɛpɹɛʃawnz lipɪŋ lajk lɛmɪŋz.
Silly Sally Shouldnort shaved sheep she should show soon so selling sheep shaved showed she shouldn't show shaved sheep so soon.,sɪli sæli ʃowdnɔɹt ʃejvd ʃip ʃi ʃʊd ʃow sun sow sɛlɪŋ ʃip ʃejvd ʃowd ʃi ʃowdnt ʃow ʃejvd ʃip sow sun.
"The maid made mainly lard and lemonade, but lamely never made a well-named, labelled marmalade.","ðə mejd mejd mejnli lɑɹd ænd lɛmənejd, bʌt lejmli nɛvɹ̩ mejd ə wɛl-nejmd, lejbəld mɑɹməlejd."
How much snus could a moose on the loose use if a moose on the loose could use loose snus?,haw mʌt͡ʃ snəs kʊd ə mus ɑn ðə lus jus ɪf ə mus ɑn ðə lus kʊd jus lus snəs?
"In view, a humble vaudevillian veteran, cast vicariously as both victim and villain by the vicissitudes of Fate.","ɪn vju, ə hʌmbəl vɑdvɪljən vɛtɹ̩ən, kæst vajkɛɹiəsli æz bowθ vɪktəm ænd vɪlən baj ðə vɪsɪsɪtudz ʌv fejt."
"This visage, no mere veneer of vanity, is a vestige of the vox populi, now vacant, vanished.","ðɪs vɪzəd͡ʒ, now mɪɹ vənɪɹ ʌv vænəti, ɪz ə vɛstɪd͡ʒ ʌv ðə vɑks pɑpjuli, naw vejkənt, vænɪʃt."
"However, this valorous visitation of a by-gone vexation, stands vivified and has vowed to vanquish these venal and virulent vermin van-guarding vice and vouchsafing the violently vicious and voracious violation of volition.","hawɛvɹ̩, ðɪs vælɹ̩əs vɪzətejʃən ʌv ə baj-ɡɔn vɛksejʃən, stændz vɪvəfajd ænd hæz vawd tə vænkwɪʃ ðiz vinəl ænd vɪɹələnt vɹ̩mɪn væn-ɡɑɹdɪŋ vajs ænd vawt͡ʃsɑfɪŋ ðə vajələntli vɪʃəs ænd vɔɹejʃəs vajəlejʃən ʌv vowlɪʃən."
"The only verdict is vengeance; a vendetta, held as a votive, not in vain, for the value and veracity of such shall one day vindicate the vigilant and the virtuous.","ðə ownli vɹ̩dɪkt ɪz vɛnd͡ʒəns; ə vɛndɛtə, hɛld æz ə vowtɪv, nɑt ɪn vejn, fɔɹ ðə vælju ænd vɹ̩æsɪti ʌv sʌt͡ʃ ʃæl wʌn dej vɪndəkejt ðə vɪd͡ʒələnt ænd ðə vɹ̩t͡ʃuəs."
I gratefully gazed at the gracefully grazing gazelles.,aj ɡɹejtfəli ɡejzd æt ðə ɡɹejsfəli ɡɹejzɪŋ ɡəzɛlz.
Bad dead bed-bugs bleed bug blood.,bæd dɛd bɛd-bʌɡz blid bʌɡ blʌd.
"How many ducks could a duck duct-tape, if a duck could duct-tape ducks?","haw mɛni dʌks kʊd ə dʌk dʌkt-tejp, ɪf ə dʌk kʊd dʌkt-tejp dʌks?"
How much cash could a sasquatch stash if a sasquatch could stash cash?,haw mʌt͡ʃ kæʃ kʊd ə sæskwæt͡ʃ stæʃ ɪf ə sæskwæt͡ʃ kʊd stæʃ kæʃ?
It's a nice night for a white rice fight.,ɪts ə najs najt fɔɹ ə wajt ɹajs fajt.
Frank's fisher fishes on Friday for Frank's Friday fresh fried fish fest.,fɹæŋkz fɪʃɹ̩ fɪʃəz ɑn fɹajdi fɔɹ fɹæŋkz fɹajdi fɹɛʃ fɹajd fɪʃ fɛst.
"If practice makes perfect and perfect needs practice, I’m perfectly practiced and practically perfect.","ɪf pɹæktəs mejks pɹ̩fəkt ænd pɹ̩fəkt nidz pɹæktəs, ajm pɹ̩fəktli pɹæktəst ænd pɹæktəkli pɹ̩fəkt."
Thirty-three thousand feathers on a thrushes throat.,θɹ̩di-θɹi θawzənd fɛðɹ̩z ɑn ə θɹʌʃəz θɹowt.
"Feeling footloose, fancy-free and frisky, this feather-brained fellow finagled his fond father into forking over his fortune.","filɪŋ fʊtlus, fænsi-fɹi ænd fɹɪski, ðɪs fɛðɹ̩-bɹejnd fɛlow fɪnəɡəld hɪz fɑnd fɑðɹ̩ ɪntu fɔɹkɪŋ owvɹ̩ hɪz fɔɹt͡ʃən."
"Finally, fleeced by those folly filled fellows and facing famine, he found himself a feed flinger in a filthy farm.","fajnəli, flist baj ðowz fɑli fɪld fɛlowz ænd fejsɪŋ fæmən, hi fawnd hɪmsɛlf ə fid flɪŋɹ̩ ɪn ə fɪlθi fɑɹm."
"Farrell's features fabulous food and fantastic fountain fantasies for frolicking, fun filled festive families.","fɛɛlz fit͡ʃɹ̩z fæbjələs fud ænd fæntæstɪk fawntən fæntəsiz fɔɹ fɹɑlɪkɪŋ, fʌn fɪld fɛstɪv fæməliz."
A wooden worm wouldn't be worthy of worship but would he if he wondered and worried about what he would be worthy of if he wasn't wooden?,ə wʊdən wɹ̩m wʊdnt bi wɹ̩ði ʌv wɹ̩ʃəp bʌt wʊd hi ɪf hi wʌndɹ̩d ænd wɹ̩id əbawt wʌt hi wʊd bi wɹ̩ði ʌv ɪf hi wɑsnt wʊdən?
I broke a brickbat and a brickbat broke me.,aj bɹowk ə bɹɪkbæt ænd ə bɹɪkbæt bɹowk mi.
"There was a writer named Wright, he taught his son to write Wright right.","ðɛɹ wɑz ə ɹajtɹ̩ nejmd ɹajt, hi tɔt hɪz sʌn tə ɹajt ɹajt ɹajt."
He wanted to desert his dessert in the desert.,hi wɑntəd tə dɛzɹ̩t hɪz dɪzɹ̩t ɪn ðə dɛzɹ̩t.
"You're behaving like a babbling, bumbling band of baboons.","jɹ bɪhejvɪŋ lajk ə bæbəlɪŋ, bʌmbəlɪŋ bænd ʌv bæbunz."
Tricky Tristan tracked a trail of tiny turtles.,tɹɪki tɹɪstæn tɹækt ə tɹejl ʌv tajni tɹ̩təlz.
The two-toed tree toad tried to tread where the three-toed tree toad trod.,ðə tu-towd tɹi towd tɹajd tə tɹɛd wɛɹ ðə θɹi-towd tɹi towd tɹɑd.
They hatch fish at the state fish hatchery and sell hatched fish to the fish stick factory.,ðej hæt͡ʃ fɪʃ æt ðə stejt fɪʃ hæt͡ʃɹ̩i ænd sɛl hæt͡ʃt fɪʃ tə ðə fɪʃ stɪk fæktɹ̩i.
Of all the felt I ever felt I never felt felt that felt like that felt felt.,ʌv ɔl ðə fɛlt aj ɛvɹ̩ fɛlt aj nɛvɹ̩ fɛlt fɛlt ðæt fɛlt lajk ðæt fɛlt fɛlt.
"How many snacks could a snack stacker stack, if a snack stacker snacked stacked snacks?","haw mɛni snæks kʊd ə snæk stækɹ̩ stæk, ɪf ə snæk stækɹ̩ snækt stækt snæks?"
Certified certificates from certified certificate certifiers.,sɹ̩təfajd sɹ̩tɪfɪkəts fɹʌm sɹ̩təfajd sɹ̩tʌfəkət sɹ̩təfajɹ̩z.
"The cat crept into the crypt, crapped and crept out.","ðə kæt kɹɛpt ɪntu ðə kɹɪpt, kɹæpt ænd kɹɛpt awt."
The Smothers brother's father's mother's brothers are the Smothers brother's mother's father's other brothers.,ðə smʌðɹ̩z bɹʌðɹ̩z fɑðɹ̩z mʌðɹ̩z bɹʌðɹ̩z ɑɹ ðə smʌðɹ̩z bɹʌðɹ̩z mʌðɹ̩z fɑðɹ̩z ʌðɹ̩ bɹʌðɹ̩z.
"Sure, sir, the ship's sure shipshape, sir.","ʃʊɹ, sɹ̩, ðə ʃɪpz ʃʊɹ ʃɪpʃejp, sɹ̩."
I bought a bit of baking powder and baked a batch of biscuits.,aj bɑt ə bɪt ʌv bejkɪŋ pawdɹ̩ ænd bejkt ə bæt͡ʃ ʌv bɪskəts.
Then I took the big basket of biscuits and the basket of big biscuits and mixed the big biscuits with the basket of biscuits that was next to the big basket and put a bunch of biscuits from the basket into a biscuit mixer and brought the basket of biscuits and the box of mixed biscuits and the biscuit mixer to the bakery and opened a tin of sardines.,ðɛn aj tʊk ðə bɪɡ bæskət ʌv bɪskəts ænd ðə bæskət ʌv bɪɡ bɪskəts ænd mɪkst ðə bɪɡ bɪskəts wɪð ðə bæskət ʌv bɪskəts ðæt wɑz nɛkst tə ðə bɪɡ bæskət ænd pʊt ə bʌnt͡ʃ ʌv bɪskəts fɹʌm ðə bæskət ɪntu ə bɪskət mɪksɹ̩ ænd bɹɔt ðə bæskət ʌv bɪskəts ænd ðə bɑks ʌv mɪkst bɪskəts ænd ðə bɪskət mɪksɹ̩ tə ðə bejkɹ̩i ænd owpənd ə tɪn ʌv sɑɹdinz.
I brought a big basket of biscuits back to the bakery and baked a basket of big biscuits.,aj bɹɔt ə bɪɡ bæskət ʌv bɪskəts bæk tə ðə bejkɹ̩i ænd bejkt ə bæskət ʌv bɪɡ bɪskəts.
My mommy makes me muffins on Mondays.,maj mɑmi mejks mi mʌfənz ɑn mʌndiz.
Flies fly but a fly flies.,flajz flaj bʌt ə flaj flajz.
"But the sadness of her sadness, and the gladness of her gladness, are nothing like her madness when she's mad!","bʌt ðə sædnəs ʌv hɹ̩ sædnəs, ænd ðə ɡlædnəs ʌv hɹ̩ ɡlædnəs, ɑɹ nʌθɪŋ lajk hɹ̩ mædnəs wɛn ʃɛz mæd!"
Three tree turtles took turns talking tongue twisters.,θɹi tɹi tɹ̩təlz tʊk tɹ̩nz tɔkɪŋ tʌŋ twɪstɹ̩z.
I wish I were what I was when I wished I were what I am.,aj wɪʃ aj wɹ̩ wʌt aj wɑz wɛn aj wɪʃt aj wɹ̩ wʌt aj æm.
"Larry Hurley, a burly squirrel hurler, hurled a furry squirrel through a curly grill.","lɛɹi hɹ̩li, ə bɹ̩li skwɹ̩əl hɹ̩əlɹ̩, hɹ̩ld ə fɹ̩i skwɹ̩əl θɹu ə kɹ̩li ɡɹɪl."
A big black bug bit a big black bear and made the big black bear bleed blood.,ə bɪɡ blæk bʌɡ bɪt ə bɪɡ blæk bɛɹ ænd mejd ðə bɪɡ blæk bɛɹ blid blʌd.
"We will learn why her lowly lone, worn yarn loom will rarely earn immoral money.","wi wɪl lɹ̩n waj hɹ̩ lowli lown, wɔɹn jɑɹn lum wɪl ɹɛɹli ɹ̩n ɪmɔɹəl mʌni."
Ed Nott was shot and Sam Shott was not.,ɛd nɑt wɑz ʃɑt ænd sæm ʃɑt wɑz nɑt.
"But if the shot Shott shot shot Shott, the shot was Shott, not Nott.","bʌt ɪf ðə ʃɑt ʃɑt ʃɑt ʃɑt ʃɑt, ðə ʃɑt wɑz ʃɑt, nɑt nɑt."
There's a sandwich on the sand which was sent by a sane witch.,θɛɹəz ə sændwɪt͡ʃ ɑn ðə sænd wɪt͡ʃ wɑz sɛnt baj ə sejn wɪt͡ʃ.
Mrs Hunt had a country cut front in the front of her country cut pettycoat.,mɪsɪz hʌnt hæd ə kʌntɹi kʌt fɹʌnt ɪn ðə fɹʌnt ʌv hɹ̩ kʌntɹi kʌt pɛtajkowt.
Ripe white wheat reapers reap ripe white wheat right.,ɹajp wajt wit ɹipɹ̩z ɹip ɹajp wajt wit ɹajt.
Sweet sagacious Sally Sanders said she sure saw seven segregated seaplanes sailing swiftly southward Saturday.,swit sɑɡæʃəs sæli sændɹ̩z sɛd ʃi ʃʊɹ sɔ sɛvən sɛɡɹəɡejtɪd siplejnz sejlɪŋ swɪftli sawθwɹ̩d sætɹ̩di.
"While we were walking, we were watching window washers wash Washington's windows with warm washing water.","wajl wi wɹ̩ wɔkɪŋ, wi wɹ̩ wɑt͡ʃɪŋ wɪndow wɑʃɹ̩z wɑʃ wɑʃɪŋtownz wɪndowz wɪð wɔɹm wɑʃɪŋ wɔtɹ̩."
Elizabeth has eleven elves in her elm tree.,ɪlɪzəbəθ hæz ɪlɛvən ɛlvz ɪn hɹ̩ ɛlm tɹi.
If coloured caterpillars could change their colours constantly could they keep their coloured coat coloured properly?,ɪf kʌlɹ̩d kætəpɪlɹ̩z kʊd t͡ʃejnd͡ʒ ðɛɹ kʌlɹ̩z kɑnstəntli kʊd ðej kip ðɛɹ kʌlɹ̩d kowt kʌlɹ̩d pɹɑpɹ̩li?
A gazillion gigantic grapes gushed gradually giving gophers gooey guts.,ə ɡɑzɪljən d͡ʒajɡæntɪk ɡɹejps ɡʌʃt ɡɹæd͡ʒuəli ɡɪvɪŋ ɡowfɹ̩z ɡui ɡʌts.
"I'm not the fig plucker, nor the fig plucker's son, but I'll pluck figs till the fig plucker comes.","ɪm nɑt ðə fɪɡ plʌkɹ̩, nɔɹ ðə fɪɡ plʌkɹ̩z sʌn, bʌt ɪl plʌk fɪɡz tɪl ðə fɪɡ plʌkɹ̩ kʌmz."
Casual clothes are provisional for leisurely trips across Asia.,kæʒəwəl klowðz ɑɹ pɹəvɪʒənəl fɔɹ lizɹ̩li tɹɪps əkɹɔs ejʒə.
Two tiny tigers take two taxis to town.,tu tajni tajɡɹ̩z tejk tu tæksiz tə tawn.
Chester Cheetah chews a chunk of cheep cheddar cheese.,t͡ʃɛstɹ̩ t͡ʃitə t͡ʃuz ə t͡ʃʌŋk ʌv t͡ʃip t͡ʃɛdɹ̩ t͡ʃiz.
"Wow, race winners really want red wine right away!","waw, ɹejs wɪnɹ̩z ɹɪli wɑnt ɹɛd wajn ɹajt əwej!"
Gobbling gorgoyles gobbled gobbling goblins.,ɡɑbəlɪŋ ɡɔɹɡojlz ɡɑbəld ɡɑbəlɪŋ ɡɑblɪnz.
Six sleek swans swam swiftly southwards.,sɪks slik swɑnz swæm swɪftli sawθwɹ̩dz.
Nine nimble noblemen nibbling nuts.,najn nɪmbəl nowbəlmən nɪbəlɪŋ nʌts.
Ingenious iguanas improvising an intricate impromptu on impossibly impractical instruments.,ɪnd͡ʒinjəs ɪɡwɑnəz ɪmpɹəvajzɪŋ æn ɪntɹəkət ɪmpɹɑmptu ɑn ɪmpɑsəbli ɪmpɹæktəkəl ɪnstɹəmənts.
Two tiny timid toads trying to trot to Tarrytown.,tu tajni tɪmɪd towdz tɹajɪŋ tə tɹɑt tə tɛɹitawn.
"If Stu chews shoes, should Stu choose the shoes he chews?","ɪf stu t͡ʃuz ʃuz, ʃʊd stu t͡ʃuz ðə ʃuz hi t͡ʃuz?"
"How much pot, could a pot roast roast, if a pot roast could roast pot.","haw mʌt͡ʃ pɑt, kʊd ə pɑt ɹowst ɹowst, ɪf ə pɑt ɹowst kʊd ɹowst pɑt."
How many cans can a cannibal nibble if a cannibal can nibble cans?,haw mɛni kænz kæn ə kænəbəl nɪbəl ɪf ə kænəbəl kæn nɪbəl kænz?
"Thirty-three thirsty, thundering thoroughbreds thumped Mr. Thurber on Thursday.","θɹ̩di-θɹi θɹ̩sti, θʌndɹ̩ɪŋ θɹ̩owbɹɛdz θʌmpt mɪstɹ̩. θɹ̩bɹ̩ ɑn θɹ̩zdi."
Rory the warrior and Roger the worrier were reared wrongly in a rural brewery.,ɹɔɹi ðə wɔɹiɹ̩ ænd ɹɑd͡ʒɹ̩ ðə wɹ̩iɹ̩ wɹ̩ ɹɪɹd ɹɔŋli ɪn ə ɹʊɹəl bɹuɹ̩i.
"If you're keen on stunning kites and cunning stunts, buy a cunning stunning stunt kite.","ɪf jɹ kin ɑn stʌnɪŋ kajts ænd kʌnɪŋ stʌnts, baj ə kʌnɪŋ stʌnɪŋ stʌnt kajt."
There was a minimum of cinnamon in the aluminium pan.,ðɛɹ wɑz ə mɪnəməm ʌv sɪnəmən ɪn ðə æljəmɪniəm pæn.
Nine nice night nurses nursing nicely.,najn najs najt nɹ̩səz nɹ̩sɪŋ najsli.
Bed spreaders spread spreads on beds and bread spreaders spread butter on breads.,bɛd spɹɛdɹ̩z spɹɛd spɹɛdz ɑn bɛdz ænd bɹɛd spɹɛdɹ̩z spɹɛd bʌtɹ̩ ɑn bɹɛdz.
Betty loves the velvet vest best.,bɛti lʌvz ðə vɛlvət vɛst bɛst.
Vivacious Val vacuumed Violet’s very vivid vehicle.,vəvejʃəs væl vækʌumd vajələts vɛɹi vɪvəd vihɪkəl.
Eddie edited Earl’s easy music.,ɛdi ɛdətəd ɹ̩lz izi mjuzɪk.
An awful aardvark and an aching ape ate an antelope.,æn ɑfəl ɑɹdvɑɹk ænd æn ejkɪŋ ejp ejt æn æntəlowp.
Annie ate eight Arctic apples.,æni ejt ejt ɑɹktɪk æpəlz.
Printed papers under pressure make pens prickle.,pɹɪntəd pejpɹ̩z ʌndɹ̩ pɹɛʃɹ̩ mejk pɛnz pɹɪkəl.
The poor boar pours batter over his putter.,ðə pʊɹ bɔɹ pɔɹz bætɹ̩ owvɹ̩ hɪz pʌtɹ̩.
Jolly juggling jesters jauntily juggled jingling jacks.,d͡ʒɑli d͡ʒʌɡəlɪŋ d͡ʒɛstɹ̩z d͡ʒɔntəli d͡ʒʌɡəld d͡ʒɪŋɡəlɪŋ d͡ʒæks.
Kindly kittens knitting mittens keep kazooing in the king’s kitchen.,kajndli kɪtənz nɪtɪŋ mɪtənz kip kəzuɪŋ ɪn ðə kɪŋz kɪt͡ʃən.
"A tricky, frisky snake with sixty super scaly stripes.","ə tɹɪki, fɹɪski snejk wɪð sɪksti supɹ̩ skɑli stɹajps."
"Not these things here, but those things there.","nɑt ðiz θɪŋz hɪɹ, bʌt ðowz θɪŋz ðɛɹ."
"I can think of six thin things, but I can think of six thick things too.","aj kæn θɪŋk ʌv sɪks θɪn θɪŋz, bʌt aj kæn θɪŋk ʌv sɪks θɪk θɪŋz tu."
Seventeen slimy slugs in shiny sombreros sat singing short sad songs.,sɛvəntin slajmi slʌɡz ɪn ʃajni sɑmbɹɹowz sæt sɪŋɪŋ ʃɔɹt sæd sɔŋz.
Bill Badger brought the bear a bit of boiled bacon in a brown bag.,bɪl bæd͡ʒɹ̩ bɹɔt ðə bɛɹ ə bɪt ʌv bojld bejkən ɪn ə bɹawn bæɡ.
We surely shall see the sun shine soon.,wi ʃʊɹli ʃæl si ðə sʌn ʃajn sun.
I wish you were a fish in my dish.,aj wɪʃ ju wɹ̩ ə fɪʃ ɪn maj dɪʃ.
Which witch wished which wicked wish?,wɪt͡ʃ wɪt͡ʃ wɪʃt wɪt͡ʃ wɪkəd wɪʃ?
Fat frogs flew past fast.,fæt fɹɑɡz flu pæst fæst.
Twelve twins twirled twelve twigs.,twɛlv twɪnz twɹ̩ld twɛlv twɪɡz.
Santa's short suit shrunk.,sɑntəz ʃɔɹt sut ʃɹʌŋk.
Lesser leather never weathered wetter weather better.,lɛsɹ̩ lɛðɹ̩ nɛvɹ̩ wɛðɹ̩d wɛtɹ̩ wɛðɹ̩ bɛtɹ̩.
The sinking steamer sank.,ðə sɪŋkɪŋ stimɹ̩ sæŋk.
"A little work, a little sleep, a little love and it is all over.","ə lɪtəl wɹ̩k, ə lɪtəl slip, ə lɪtəl lʌv ænd ɪt ɪz ɔl owvɹ̩."
silly sheep weep and sleep.,sɪli ʃip wip ænd slip.
Gertie's great grandma grew aghast at Gertie's grammar.,ɡɹ̩tiz ɡɹejt ɡɹæmɑ ɡɹu əɡæst æt ɡɹ̩tiz ɡɹæmɹ̩.
I saw Paul's daughter opening the door of the automobile before Paul.,aj sɔ pɔlz dɔtɹ̩ owpənɪŋ ðə dɔɹ ʌv ðə ɔtəmowbil bɪfɔɹ pɔl.
Lily ladles little Letty's lentil soup.,lɪli lejdəlz lɪtəl lɛtɪz lɛntəl sup.
We switched our sweaty sweaters swiftly.,wi swɪt͡ʃt awɹ̩ swɛti swɛtɹ̩z swɪftli.
Chris crashes crimson cars quickly.,kɹɪs kɹæʃɪz kɹɪmzən kɑɹz kwɪkli.
Captain Kangaroo's carefully crunching crunchy candy corn.,kæptən kæŋɡɹ̩uz kɛɹfəli kɹʌnt͡ʃɪŋ kɹʌnt͡ʃi kændi kɔɹn.
Ken cures Kate with a quick cup of coffee and a cream cake.,kɛn kjʊɹz kejt wɪð ə kwɪk kʌp ʌv kɑfi ænd ə kɹim kejk.
Picky people pick Peter Pan Peanut Butter. This is the peanut butter picky people pick.,pɪki pipəl pɪk pitɹ̩ pæn pinət bʌtɹ̩. ðɪs ɪz ðə pinət bʌtɹ̩ pɪki pipəl pɪk.
Robert ran rings around the Roman ruins.,ɹɑbɹ̩t ɹæn ɹɪŋz ɹ̩awnd ðə ɹowmən ɹuənz.
Robert Rowly rolled a round roll round.,ɹɑbɹ̩t ɹowli ɹowld ə ɹawnd ɹowl ɹawnd.
"He, twirling his twister, makes a twist of the twine.","hi, twɹ̩lɪŋ hɪz twɪstɹ̩, mejks ə twɪst ʌv ðə twajn."
Harry has done his whole homework at home by himself.,hɛɹi hæz dʌn hɪz howl howmwɹ̩k æt howm baj hɪmsɛlf.
"Harry the hungry, hungry hippo is happily eating ham in his house.","hɛɹi ðə hʌŋɡɹi, hʌŋɡɹi hɪpow ɪz hæpəli itɪŋ hæm ɪn hɪz haws."
Harry Hunt hunts heavy hairy hares.,hɛɹi hʌnt hʌnts hɛvi hɛɹi hɛɹz.
Five very funny flies in velvet vests flew from France on Friday evening.,fajv vɛɹi fʌni flajz ɪn vɛlvət vɛsts flu fɹʌm fɹæns ɑn fɹajdi ivnɪŋ.
What a shame such a shapely sash should show such shabby stitches.,wʌt ə ʃejm sʌt͡ʃ ə ʃejpli sæʃ ʃʊd ʃow sʌt͡ʃ ʃæbi stɪt͡ʃɪz.
The sheriff should shoot slowly.,ðə ʃɛɹəf ʃʊd ʃut slowli.
The sun shines on the shop signs.,ðə sʌn ʃajnz ɑn ðə ʃɑp sajnz.
We'll beat a tattoo at twenty to two.,wɛl bit ə tætu æt twɛnti tə tu.
Big Ben blew big blue bubbles.,bɪɡ bɛn blu bɪɡ blu bʌbəlz.
The thirty-three thankful thieves thought that they thanked the other thirty-three thankful thieves throughout Thursday.,ðə θɹ̩di-θɹi θæŋkfəl θivz θɔt ðæt ðej θæŋkt ðə ʌðɹ̩ θɹ̩di-θɹi θæŋkfəl θivz θɹuawt θɹ̩zdi.
Thirty thousand thoughtless boys thought they would make a thundering noise.,θɹ̩di θawzənd θɔtləs bojz θɔt ðej wʊd mejk ə θʌndɹ̩ɪŋ nojz.
A girl guide giggled at a glum guardsman guarding the gates.,ə ɡɹ̩l ɡajd ɡɪɡəld æt ə ɡlʌm ɡɑɹdzmæn ɡɑɹdɪŋ ðə ɡejts.
I cannot bear to see a bear bear down upon a hare.,aj kænɑt bɛɹ tə si ə bɛɹ bɛɹ dawn əpɑn ə hɛɹ.
"If Freaky Fred Found Fifty Feet of fruit and fed forty feet to his Friend Frank, how many feet of fruit did freaky fred find?","ɪf fɹiki fɹɛd fawnd fɪfti fit ʌv fɹut ænd fɛd fɔɹti fit tə hɪz fɹɛnd fɹæŋk, haw mɛni fit ʌv fɹut dɪd fɹiki fɹɛd fajnd?"
"Brave, bleeding boys battle bald, biting babies.","bɹejv, blidɪŋ bojz bætəl bɔld, bajtɪŋ bejbiz."
Please put this porcupine in your pants.,pliz pʊt ðɪs pɔɹkjəpajn ɪn jɔɹ pænts.
The crowd of clumsy clowns crushed the king’s crown.,ðə kɹawd ʌv klʌmzi klawnz kɹʌʃt ðə kɪŋz kɹawn.
The detective discovered the deadly dagger in Dad’s dirty diapers.,ðə dɪtɛktɪv dɪskʌvɹ̩d ðə dɛdli dæɡɹ̩ ɪn dædz dɹ̩ti dajəpɹ̩z.
The tiny teacher tamed the terrible T-Rex by tickling its tummy.,ðə tajni tit͡ʃɹ̩ tejmd ðə tɛɹəbəl ti-ɹɛks baj tɪklɪŋ ɪts tʌmi.
"Noisy boys enjoy noisy toys, but noisy boys enjoying noisy toys are annoying.","nojzi bojz ɛnd͡ʒoj nojzi tojz, bʌt nojzi bojz ɛnd͡ʒojɪŋ nojzi tojz ɑɹ ənojɪŋ."
The fat farmer’s five filthy fingers fed the ferocious ferret french fries.,ðə fæt fɑɹmɹ̩z fajv fɪlθi fɪŋɡɹ̩z fɛd ðə fɹ̩owʃəs fɛɹət fɹɛnt͡ʃ fɹajz.
The peppy puppy the prince presented the princess produced piles of poop in the palace.,ðə pɛpi pʌpi ðə pɹɪns pɹizɛntəd ðə pɹɪnsɛs pɹədust pajlz ʌv pup ɪn ðə pæləs.
The hippos heard the hunter’s hiccups and hurried home to hide.,ðə hɪpowz hɹ̩d ðə hʌntɹ̩z hɪkəps ænd hɹ̩id howm tə hajd.
"The big, bumbling bear burned his butt baking bread.","ðə bɪɡ, bʌmbəlɪŋ bɛɹ bɹ̩nd hɪz bʌt bejkɪŋ bɹɛd."
Six stinky skunks sprayed Santa’s sleigh.,sɪks stɪŋki skʌŋks spɹejd sæntəs slej.
The twins took the toilet and tiptoed toward town to try trading it for toys.,ðə twɪnz tʊk ðə tojlət ænd tɪptowd təwɔɹd tawn tə tɹaj tɹejdɪŋ ɪt fɔɹ tojz.
My sister’s shop sells shoes for sheep.,maj sɪstɹ̩z ʃɑp sɛlz ʃuz fɔɹ ʃip.
Firefighters found Father frowning from a funny fever and farting fierce flames.,fajɹ̩fajtɹ̩z fawnd fɑðɹ̩ fɹawnɪŋ fɹʌm ə fʌni fivɹ̩ ænd fɑɹtɪŋ fɪɹs flejmz.
The nervous nurse had another nasty nosebleed and needed nine napkins for her nostrils.,ðə nɹ̩vəs nɹ̩s hæd ənʌðɹ̩ næsti nowzblid ænd nidəd najn næpkɪnz fɔɹ hɹ̩ nɑstɹəlz.
"If eight great apes ate eighty-eight grapes, guess how many grapes each great ape ate.","ɪf ejt ɡɹejt ejps ejt ejti-ejt ɡɹejps, ɡɛs haw mɛni ɡɹejps it͡ʃ ɡɹejt ejp ejt."
"The little lambs, licking lollipops, went leaping and laughing into the lava.","ðə lɪtəl læmz, lɪkɪŋ lɑlipɑps, wɛnt lipɪŋ ænd læfɪŋ ɪntu ðə lɑvə."
"When the wizard winked and waved his wand, the wars of the world went away.","wɛn ðə wɪzɹ̩d wɪŋkt ænd wejvd hɪz wɑnd, ðə wɔɹz ʌv ðə wɹ̩ld wɛnt əwej."
Flee from fog to fight flu fast!,fli fɹʌm fɑɡ tə fajt flu fæst!
She sold six shabby sheared sheep on ship.,ʃi sowld sɪks ʃæbi ʃɪɹd ʃip ɑn ʃɪp.
Three fluffy feathers fell from Phoebe’s flimsy fan.,θɹi flʌfi fɛðɹ̩z fɛl fɹʌm fbz flɪmzi fæn.
The cat catchers can’t catch caught cats.,ðə kæt kæt͡ʃɹ̩z kænt kæt͡ʃ kɑt kæts.
Should saucy sharks seek shelter soon?,ʃʊd sɔsi ʃɑɹks sik ʃɛltɹ̩ sun?
The foreign authorities put Dorothy in an orange forest.,ðə fɔɹən əθɔɹətiz pʊt dɔɹəθi ɪn æn ɔɹənd͡ʒ fɔɹəst.
I carried the married character over the barrier.,aj kæɹid ðə mɛɹid kɛɹɪktɹ̩ owvɹ̩ ðə bæɹiɹ̩.
The big fat cat sat on the rat.,ðə bɪɡ fæt kæt sæt ɑn ðə ɹæt.
Ailing Auntie Annie Ames ate apple butter in abundance.,ejlɪŋ ænti æni ejmz ejt æpəl bʌtɹ̩ ɪn əbʌndəns.
Double bubble gum bubbles double.,dʌbəl bʌbəl ɡʌm bʌbəlz dʌbəl.
The baby boy blows blue bubbles.,ðə bejbi boj blowz blu bʌbəlz.
Chubby jugglers juggling oranges jovially.,t͡ʃʌbi d͡ʒʌɡəlɹ̩z d͡ʒʌɡəlɪŋ ɔɹənd͡ʒəz d͡ʒowviəli.
Eddie eats eight eggs easily every evening.,ɛdi its ejt ɛɡz izəli ɛvɹ̩i ivnɪŋ.
A cheap sheep is cheaper than a cheap ship.,ə t͡ʃip ʃip ɪz t͡ʃipɹ̩ ðæn ə t͡ʃip ʃɪp.
George and Grace grew glossy grapes and grimy garlic gladly.,d͡ʒɔɹd͡ʒ ænd ɡɹejs ɡɹu ɡlɔsi ɡɹejps ænd ɡɹajmi ɡɑɹlɪk ɡlædli.
Extreme exercise exacerbates exhaustion.,ɪkstɹim ɛksɹ̩sajz ɪɡzæsɹ̩bejts ɪɡzɔst͡ʃən.
The exacting vixen exudes existence.,ðə ɪɡzæktɪŋ vɪksɪn ɪɡzudz ɛɡzɪstəns.
This exemplary example exempts jinxes.,ðɪs ɪɡzɛmplɹ̩i ɪɡzæmpəl ɪɡzɛmpts d͡ʒɪŋksɪz.
Expect exactly to exactly expect excellence.,ɪkspɛkt ɪɡzæktli tə ɪɡzæktli ɪkspɛkt ɛksələns.
Vincent the very vivacious vacuuming vampire visited Victor Von Viking the vegetarian veterinarian vacationing in Valentine Valley.,vɪnsənt ðə vɛɹi vəvejʃəs vækjumɪŋ væmpajɹ vɪzətəd vɪktɹ̩ vɔn vajkɪŋ ðə vɛd͡ʒətɛɹiən vɛtɹənɛɹiən vejkejʃənɪŋ ɪn væləntajn væli.
Would that we would work without weariness!,wʊd ðæt wi wʊd wɹ̩k wɪθawt wɪɹinəs!
You usually use unique unicorns.,ju juʒəwəli jus junik junɪkɔɹnz.
One way to outthink others is to make them think you think you're not really thinking what you're trying to get them to think you think.,wʌn wej tə awθɪŋk ʌðɹ̩z ɪz tə mejk ðɛm θɪŋk ju θɪŋk jɹ nɑt ɹɪli θɪŋkɪŋ wʌt jɹ tɹajɪŋ tə ɡɛt ðɛm tə θɪŋk ju θɪŋk.
I vigorously sheared the swift smelly silly sheep on the sweet swell sheep swift ship.,aj vɪɡɹ̩əsli ʃɪɹd ðə swɪft smɛli sɪli ʃip ɑn ðə swit swɛl ʃip swɪft ʃɪp.
Sailor Sam saw some swallows swooping suddenly.,sejlɹ̩ sæm sɔ sʌm swɑlowz swupɪŋ sʌdənli.
Sixty six sick chicks are stuck in the stock room full of sixty six sticks.,sɪksti sɪks sɪk t͡ʃɪks ɑɹ stʌk ɪn ðə stɑk ɹum fʊl ʌv sɪksti sɪks stɪks.
Skillful skaters skidded and slammed against a big stone slab.,skɪlfəl skejtɹ̩z skɪdəd ænd slæmd əɡɛnst ə bɪɡ stown slæb.
Stodgy students study static structures.,stɑd͡ʒi studənts stʌdi stætɪk stɹʌkt͡ʃɹ̩z.
Squirmy squirrels swim in slosh.,skwɹ̩mi skwɹ̩əlz swɪm ɪn slɑʃ.
I vigorously sheared the swift smelly silly sheep on the sweet swell sheep swift ship.,aj vɪɡɹ̩əsli ʃɪɹd ðə swɪft smɛli sɪli ʃip ɑn ðə swit swɛl ʃip swɪft ʃɪp.
Scandalous scouts scaled a scaffold.,skændələs skawts skejld ə skæfəld.
Slender skiers slammed into sleek smugglers.,slɛndɹ̩ skiɹ̩z slæmd ɪntu slik smʌɡəlɹ̩z.
Quaint queens can't quarrel crazily.,kwejnt kwinz kænt kwɔɹəl kɹejzəli.
You know you need unique New York.,ju now ju nid junik nu jɔɹk.
"Despite the statistics, his next guest is optimistic.","dɪspajt ðə stətɪstɪks, hɪz nɛkst ɡɛst ɪz ɑptəmɪstɪk."
Episcopalians sip spiked punch at parties.,ɪpɪskəpejljənz sɪp spajkt pʌnt͡ʃ æt pɑɹtiz.
"Brisk brave brigadiers brandished broad bright blades, blunderbusses, and bludgeons -- Balancing them badly.","bɹɪsk bɹejv bɹɪɡədɹ̩z bɹændɪʃt bɹɔd bɹajt blejdz, blʌndɹ̩bəsɪz, ænd blʌd͡ʒənz -- bælənsɪŋ ðɛm bædli."
Can you can a canned can into an uncanned can like a canner can can a canned can into an uncanned can?,kæn ju kæn ə kænd kæn ɪntu æn ənkænd kæn lajk ə kænɹ̩ kæn kæn ə kænd kæn ɪntu æn ənkænd kæn?
Do scientists see thieves seize skies?,du sajəntɪsts si θivz siz skajz?
"If scientists see thieves seize skies, then where are the skies, the scientists see the thieves seize?","ɪf sajəntɪsts si θivz siz skajz, ðɛn wɛɹ ɑɹ ðə skajz, ðə sajəntɪsts si ðə θivz siz?"
"If you must cross a coarse cross cow across a crowded cow crossing, cross the cross coarse cow across the crowded cow crossing carefully.","ɪf ju mʌst kɹɔs ə kɔɹs kɹɔs kaw əkɹɔs ə kɹawdəd kaw kɹɔsɪŋ, kɹɔs ðə kɹɔs kɔɹs kaw əkɹɔs ðə kɹawdəd kaw kɹɔsɪŋ kɛɹfəli."
Does the rapid rabid rabbit wrap it?,dowz ðə ɹæpəd ɹæbɪd ɹæbət ɹæp ɪt?
Awful old Ollie oils oily autos.,ɑfəl owld ɑli ojlz ojli ɔtowz.
A tidy tiger tied a tie tighter to tidy her tiny tail,ə tajdi tajɡɹ̩ tajd ə taj tajtɹ̩ tə tajdi hɹ̩ tajni tejl
A lusty lady loved a lawyer and longed to lure him from his laboratory.,ə lʌsti lejdi lʌvd ə lɔjɹ̩ ænd lɔŋd tə lʊɹ hɪm fɹʌm hɪz læbɹətɔɹi.
Bright blows the broom on the brook's bare brown banks.,bɹajt blowz ðə bɹum ɑn ðə bɹʊkz bɛɹ bɹawn bæŋks.
That sphinx has a sphincter that stinks.,ðæt sfɪŋks hæz ə sfɪŋktɹ̩ ðæt stɪŋks.
Jack the jailbird jacked a jeep.,d͡ʒæk ðə d͡ʒejlbɹ̩d d͡ʒækt ə d͡ʒip.
Love's a feeling you feel when you feel you're going to feel the feeling you've never felt before.,lʌvɛz ə filɪŋ ju fil wɛn ju fil jɹ ɡowɪŋ tə fil ðə filɪŋ jv nɛvɹ̩ fɛlt bɪfɔɹ.
Larry sent the latter a letter later.,lɛɹi sɛnt ðə lætɹ̩ ə lɛtɹ̩ lejtɹ̩.
Ten tame tadpoles tucked tightly together in a thin tall tin.,tɛn tejm tædpowlz tʌkt tajtli təɡɛðɹ̩ ɪn ə θɪn tɔl tɪn.
Top chopstick shops stock top chopsticks.,tɑp t͡ʃɑpstɪk ʃɑps stɑk tɑp t͡ʃɑpstɪks.
"Big Billy, who had a big belly was a bad big bully.","bɪɡ bɪli, hu hæd ə bɪɡ bɛli wɑz ə bæd bɪɡ bʊli."
How many counts would a recount count if a recount could count counts?,haw mɛni kawnts wʊd ə ɹikawnt kawnt ɪf ə ɹikawnt kʊd kawnt kawnts?
"If you stick a stock of liquor in your locker it is slick to put a lock upon your stock, or some joker who is quicker is gonna trick you of your liquor if you fail to lock your liquor with a lock.","ɪf ju stɪk ə stɑk ʌv lɪkɹ̩ ɪn jɔɹ lɑkɹ̩ ɪt ɪz slɪk tə pʊt ə lɑk əpɑn jɔɹ stɑk, ɔɹ sʌm d͡ʒowkɹ̩ hu ɪz kwɪkɹ̩ ɪz ɡɑnə tɹɪk ju ʌv jɔɹ lɪkɹ̩ ɪf ju fejl tə lɑk jɔɹ lɪkɹ̩ wɪð ə lɑk."
At present May can't marry a peasant however pleasant the peasant may be.,æt pɹɛzənt mej kænt mɛɹi ə pɛzənt hawɛvɹ̩ plɛzənt ðə pɛzənt mej bi.
The embarrassed banished barrister balances his embarrassed banished ballast on the banister.,ðə ɪmbɛɹəst bænɪʃt bæɹɪstɹ̩ bælənsəz hɪz ɪmbɛɹəst bænɪʃt bæləst ɑn ðə bænɪstɹ̩.
A peer sat on a pier with a pair of pears and pare the pears.,ə pɪɹ sæt ɑn ə pɪɹ wɪð ə pɛɹ ʌv pɛɹz ænd pɛɹ ðə pɛɹz.
The instinct of an extinct insect stinks.,ðə ɪnstɪŋkt ʌv æn ɪkstɪŋkt ɪnsɛkt stɪŋks.
Rosco the rum runner rubbed out Rudy the rat for ruining his rum running receipts.,ɹɑskow ðə ɹʌm ɹʌnɹ̩ ɹʌbd awt ɹudi ðə ɹæt fɔɹ ɹuɪnɪŋ hɪz ɹʌm ɹʌnɪŋ ɹɪsits.
Simmering shoals of shrimps swim by shimmering shredded shores.,sɪmɹ̩ɪŋ ʃowlz ʌv ʃɹɪmps swɪm baj ʃɪmɹ̩ɪŋ ʃɹɛdəd ʃɔɹz.
A barren beacon beckons the bacon baron.,ə bæɹən bikən bɛkənz ðə bejkən bæɹən.
Tim was a thin twin tinsmith.,tɪm wɑz ə θɪn twɪn tɪnsmɪθ.
I don't need your needles to kneadle noodles.,aj dɑnt nid jɔɹ nidəlz tə nidəl nudəlz.
My dame has a lame tame crane.,maj dejm hæz ə lejm tejm kɹejn.
What a shame that such a shapely sash should show such shabby stitches.,wʌt ə ʃejm ðæt sʌt͡ʃ ə ʃejpli sæʃ ʃʊd ʃow sʌt͡ʃ ʃæbi stɪt͡ʃɪz.
Don't pamper damp scamp tramps that came under ramp lamps.,dɑnt pæmpɹ̩ dæmp skæmp tɹæmps ðæt kejm ʌndɹ̩ ɹæmp læmps.
I saw six shimmering sharks sharply striking shins.,aj sɔ sɪks ʃɪmɹ̩ɪŋ ʃɑɹks ʃɑɹpli stɹajkɪŋ ʃɪnz.
Brad's big black bath brush broke.,bɹædz bɪɡ blæk bæθ bɹʌʃ bɹowk.
Strict strong stringy Stephen Stretch slickly snared six sickly silky snakes.,stɹɪkt stɹɔŋ stɹɪŋi stivən stɹɛt͡ʃ slɪkli snɛɹd sɪks sɪkli sɪlki snejks.
I correctly recollect Rebecca Macgregor's reckoning.,aj kɹ̩ɛktli ɹɛkəlɛkt ɹəbɛkə məɡɹɛɡɹz ɹɛkənɪŋ.
Cedar shingles should be shaved and saved.,sidɹ̩ ʃɪŋɡəlz ʃʊd bi ʃejvd ænd sejvd.
That's a shelter for six sick scenic sightseers.,θætz ə ʃɛltɹ̩ fɔɹ sɪks sɪk sinɪk sajtsiɹz.
Are our oars oak?,ɑɹ awɹ̩ ɔɹz owk?
"With a bloody, blameful blade, he bravely broached his boiling bloody breast.","wɪð ə blʌdi, bləmfəl blejd, hi bɹejvli bɹowt͡ʃt hɪz bojlɪŋ blʌdi bɹɛst."
"She stood on the balcony inexplicably mimicing him hiccuping, and amicably welcoming him home.","ʃi stʊd ɑn ðə bælkəni ɪnɪksplɪkəbli mɪməsɪŋ hɪm hɪkjəpɪŋ, ænd æmɪkəbli wɛlkəmɪŋ hɪm howm."
Kris Kringle carefully crunched on candy canes.,kɹɪs kɹɪŋɡəl kɛɹfəli kɹʌnt͡ʃt ɑn kændi kejnz.
"Pick a partner and practice passing, for if you pass proficiently, perhaps you'll play professionally.","pɪk ə pɑɹtnɹ̩ ænd pɹæktəs pæsɪŋ, fɔɹ ɪf ju pæs pɹɑfɪʃəntli, pɹ̩hæps jl plej pɹəfɛʃənəli."
"The kitten that was bitten had a button for an eye, and biting off the button made the cotton batten fly.","ðə kɪtən ðæt wɑz bɪtən hæd ə bʌtən fɔɹ æn aj, ænd bajtɪŋ ɔf ðə bʌtən mejd ðə kɑtən bætən flaj."
The ochre ogre ogled the poker.,ðə owkɹ̩ owɡɹ̩ owɡəld ðə powkɹ̩.
The soldiers shouldered shooters on their shoulders.,ðə sowld͡ʒɹ̩z ʃowldɹ̩d ʃutɹ̩z ɑn ðɛɹ ʃowldɹ̩z.
Cows graze in groves on grass which grows in grooves in groves.,kawz ɡɹejz ɪn ɡɹowvz ɑn ɡɹæs wɪt͡ʃ ɡɹowz ɪn ɡɹuvz ɪn ɡɹowvz.
"They have left the thriftshop, and lost both their theatre tickets and the volume of valuable licenses and coupons for free theatrical frills and thrills.","ðej hæv lɛft ðə θɹɪft͡ʃʃɑp, ænd lɔst bowθ ðɛɹ θiətɹ̩ tɪkəts ænd ðə vɑljum ʌv væljəbəl lajsənsɪz ænd kupɔnz fɔɹ fɹi θiætɹɪkəl fɹɪlz ænd θɹɪlz."
"Brisk brave brigadiers brandished broad bright blades, blunderbusses, and bludgeons, balancing them badly.","bɹɪsk bɹejv bɹɪɡədɹ̩z bɹændɪʃt bɹɔd bɹajt blejdz, blʌndɹ̩bəsɪz, ænd blʌd͡ʒənz, bælənsɪŋ ðɛm bædli."
"They both, though, have thirty-three thick thimbles to thaw.","ðej bowθ, ðow, hæv θɹ̩di-θɹi θɪk θɪmbəlz tə θɔ."
What time does the wristwatch strap shop shut?,wʌt tajm dowz ðə ɹɪstwɑt͡ʃ stɹæp ʃɑp ʃʌt?
A rough-coated dough-faced thoughtful ploughman strode,ə ɹʌf-kowtəd dow-fejst θɔtfəl plawmən stɹowd
A truly rural frugal ruler's mural was on the wall.,ə tɹuli ɹʊɹəl fɹuɡəl ɹulɹ̩z mjʊɹəl wɑz ɑn ðə wɔl.
A twister of twists once twisted a twist.,ə twɪstɹ̩ ʌv twɪsts wʌns twɪstəd ə twɪst.
A loyal warrior will rarely worry why we rule.,ə lojəl wɔɹiɹ̩ wɪl ɹɛɹli wɹ̩i waj wi ɹul.
Draw drowsy ducks and drakes.,dɹɔ dɹawzi dʌks ænd dɹejks.
Dust is a disk's worst enemy.,dʌst ɪz ə dɪskz wɹ̩st ɛnəmi.
Double bubble gum bubbles double.,dʌbəl bʌbəl ɡʌm bʌbəlz dʌbəl.
Miss Smith's fish sauce shop seldom sells shellfish.,mɪs smɪθz fɪʃ sɔs ʃɑp sɛldəm sɛlz ʃɛlfɪʃ.
Rolling red wagons rolling along.,ɹowlɪŋ ɹɛd wæɡənz ɹowlɪŋ əlɔŋ.
A pleasant place to place a plaice is a place where a plaice is pleased to be placed.,ə plɛzənt plejs tə plejs ə plejɪs ɪz ə plejs wɛɹ ə plejɪs ɪz plizd tə bi plejst.
"If my neat knickers need to be kneed, I would indeed need your needles.","ɪf maj nit nɪkɹ̩z nid tə bi nid, aj wʊd ɪndid nid jɔɹ nidəlz."
Each sixth chick sat on a stick.,it͡ʃ sɪksθ t͡ʃɪk sæt ɑn ə stɪk.
The big baby buggy with the red rubber buggy bumpers.,ðə bɪɡ bejbi bʌɡi wɪð ðə ɹɛd ɹʌbɹ̩ bʌɡi bʌmpɹ̩z.
An old scold sold a cold coal shovel.,æn owld skowld sowld ə kowld kowl ʃʌvəl.
Much whirling water makes the mill wheel work well.,mʌt͡ʃ wɹ̩lɪŋ wɔtɹ̩ mejks ðə mɪl wil wɹ̩k wɛl.
A very valiant viking visited a very virgin vegetarian vomiting vegetables.,ə vɛɹi væljənt vajkɪŋ vɪzətəd ə vɛɹi vɹ̩d͡ʒɪn vɛd͡ʒətɛɹiən vɑmətɪŋ vɛd͡ʒtəbəlz.
Beautiful babbling brooks bubble between blossoming banks.,bjutəfəl bæbəlɪŋ bɹʊks bʌbəl bɪtwin blɑsəmɪŋ bæŋks.
Real eyes realize real lies.,ɹil ajz ɹilajz ɹil lajz.
"Who's the more foolish; the fool, or the fool who follows him?","hɑz ðə mɔɹ fulɪʃ; ðə ful, ɔɹ ðə ful hu fɑlowz hɪm?"
Five fat frogs fought over fifty fabulous flies.,fajv fæt fɹɑɡz fɔt owvɹ̩ fɪfti fæbjələs flajz.
"If rustlers wrestle wrestlers while rustlers rustle rustlers, could rustlers rustle wrestlers while wrestlers wrestle rustlers?","ɪf ɹʌsəlɹ̩z ɹɛsəl ɹɛstlɹ̩z wajl ɹʌsəlɹ̩z ɹʌsəl ɹʌsəlɹ̩z, kʊd ɹʌsəlɹ̩z ɹʌsəl ɹɛstlɹ̩z wajl ɹɛstlɹ̩z ɹɛsəl ɹʌsəlɹ̩z?"
Sheets of sheer synthetic sheep skin are slit into several kicky sack shoe shapes and shapely shoe sizes by six sitting sheet slitters.,ʃits ʌv ʃɪɹ sɪnθɛtɪk ʃip skɪn ɑɹ slɪt ɪntu sɛvɹəl kɪki sæk ʃu ʃejps ænd ʃejpli ʃu sajzəz baj sɪks sɪtɪŋ ʃit slɪtɹ̩z.
"Sometimes, you just have to play the role of a fool to fool the fool who thinks they are fooling you.","səmtajmz, ju d͡ʒʌst hæv tə plej ðə ɹowl ʌv ə ful tə ful ðə ful hu θɪŋks ðej ɑɹ fulɪŋ ju."
"It's not a secret that the best thing about a secret is secretly telling someone your secret, thereby secretly adding another secret to their secret collection of secrets.","ɪts nɑt ə sikɹət ðæt ðə bɛst θɪŋ əbawt ə sikɹət ɪz sikɹɪtli tɛlɪŋ sʌmwʌn jɔɹ sikɹət, ðɛɹbaj sikɹɪtli ædɪŋ ənʌðɹ̩ sikɹət tə ðɛɹ sikɹət kəlɛkʃən ʌv sikɹəts."
I served crude food to this rude dude.,aj sɹ̩vd kɹud fud tə ðɪs ɹud dud.
Cheryl's cheap chip shop sells Chery's cheap chips.,t͡ʃɛɹ̩ɪlz t͡ʃip t͡ʃɪp ʃɑp sɛlz t͡ʃɛɹ̩ɪz t͡ʃip t͡ʃɪps.
The red robot Robbie rode the ruby rug.,ðə ɹɛd ɹowbɑt ɹɑbi ɹowd ðə ɹubi ɹʌɡ.
Silly Santa sleeps silently on the sleigh safely.,sɪli sæntə slips sajləntli ɑn ðə slej sejfli.
Chilly children cheerfully chant.,t͡ʃɪli t͡ʃɪldɹən t͡ʃɪɹfəli t͡ʃænt.
Santa's sleigh slides on slick snow.,sɑntəz slej slajdz ɑn slɪk snow.
Tiny Timmy trims the tall tree with tinsel.,tajni tɪmi tɹɪmz ðə tɔl tɹi wɪð tɪnsəl.
Chocolate cocoa cravings cure colds.,t͡ʃɔklət kowkow kɹejvɪŋz kjʊɹ kowldz.
Big bright bells banish boredom.,bɪɡ bɹajt bɛlz bænɪʃ bɔɹdəm.
Santa sings shining star songs.,sæntə sɪŋz ʃajnɪŋ stɑɹ sɔŋz.
Candy cane cookies keep kids coming.,kændi kejn kʊkiz kip kɪdz kʌmɪŋ.
The pretty packages are perfectly packed.,ðə pɹɪti pækəd͡ʒəz ɑɹ pɹ̩fəktli pækt.
Roberta ran rings around the Roman ruins.,ɹəbɹ̩tə ɹæn ɹɪŋz ɹ̩awnd ðə ɹowmən ɹuənz.
"How much would a wine drinker whine, if a wine drinker couldn't drink wine?","haw mʌt͡ʃ wʊd ə wajn dɹɪŋkɹ̩ wajn, ɪf ə wajn dɹɪŋkɹ̩ kʊdnt dɹɪŋk wajn?"
Gary's green ghosts get going gamely.,ɡɛɹɪz ɡɹin ɡowsts ɡɛt ɡowɪŋ ɡejmli.
Don't buy big black cats or blind bat's blood.,dɑnt baj bɪɡ blæk kæts ɔɹ blajnd bætz blʌd.
Six spooky spiders spread a silky sticky web.,sɪks spuki spajdɹ̩z spɹɛd ə sɪlki stɪki wɛb.
Haunted houses on Halloween have hair-raising horrible horrifying haunts.,hɔntəd hawsəz ɑn hæləwin hæv hɛɹ-ɹejzɪŋ hɔɹəbəl hɔɹəfajɪŋ hɔnts.
Bizarre black bats barely bite.,bəzɑɹ blæk bæts bɛɹli bajt.
Children crave candy wearing crazy costumes.,t͡ʃɪldɹən kɹejv kændi wɛɹɪŋ kɹejzi kɑstumz.
Several spooky slimy spiders spun sulking by the sea.,sɛvɹəl spuki slajmi spajdɹ̩z spʌn sʌlkɪŋ baj ðə si.
Professional pumpkin pickers are prone to pick the plumpest pumpkins.,pɹəfɛʃənəl pʌmpkɪn pɪkɹ̩z ɑɹ pɹown tə pɪk ðə plʌmpəst pʌmpkənz.
Ghostly ghouls gather gleefully to golf on ghostly golf courses.,ɡowstli ɡlz ɡæðɹ̩ ɡlifəli tə ɡɑlf ɑn ɡowstli ɡɑlf kɔɹsəz.
Five fast foxes flew far from farmer's flocks,fajv fæst fɑksəz flu fɑɹ fɹʌm fɑɹmɹ̩z flɑks
Seven silver smelly socks sat smelly on see-saws.,sɛvən sɪlvɹ̩ smɛli sɑks sæt smɛli ɑn si-sɔz.
Give your other udder to my other brother.,ɡɪv jɔɹ ʌðɹ̩ ʌdɹ̩ tə maj ʌðɹ̩ bɹʌðɹ̩.
"The cat crept into the crypt, crapped and crept out.","ðə kæt kɹɛpt ɪntu ðə kɹɪpt, kɹæpt ænd kɹɛpt awt."
Apes ate all eight apples.,ejps ejt ɔl ejt æpəlz.
Perplexed people peeked at peter pan peeping past the pipe with a pickled pepper pot.,pɹ̩plɛkst pipəl pikt æt pitɹ̩ pæn pipɪŋ pæst ðə pajp wɪð ə pɪkəld pɛpɹ̩ pɑt.
A pessimistic pest exists amidst us.,ə pɛsəmɪstɪk pɛst ɪɡzɪsts əmɪdst ʌs.
Six thick thistles stick.,sɪks θɪk θɪsəlz stɪk.
I hit him on the head with a hard hammer and he howled horribly.,aj hɪt hɪm ɑn ðə hɛd wɪð ə hɑɹd hæmɹ̩ ænd hi hawld hɔɹəbli.
Lucid Lou slued loose the sluice that slew the slough.,lusəd lu slud lus ðə slus ðæt slu ðə slʌf.
Forgiveness forms a firm foundation for future fortitude.,fɹ̩ɡɪvnəs fɔɹmz ə fɹ̩m fawndejʃən fɔɹ fjut͡ʃɹ̩ fɔɹtɪtud.
Please pause for proper applause.,pliz pɔz fɔɹ pɹɑpɹ̩ əplɔz.
The quack quit asking quick questions.,ðə kwæk kwɪt æskɪŋ kwɪk kwɛst͡ʃənz.
The queen coined quick clipped quips.,ðə kwin kojnd kwɪk klɪpt kwɪps.
Seth's sharp spacesuit shrank.,sɛθz ʃɑɹp spejsut ʃɹæŋk.
No shark shares swordfish steak.,now ʃɑɹk ʃɛɹz sɔɹdfɪʃ stejk.
Six shy shavers sheared six shy sheep.,sɪks ʃaj ʃejvɹ̩z ʃɪɹd sɪks ʃaj ʃip.
Shops at the seashore are so sure to lose.,ʃɑps æt ðə siʃɔɹ ɑɹ sow ʃʊɹ tə luz.
I shot three shy thrushes.,aj ʃɑt θɹi ʃaj θɹʌʃəz.
There goes one tough top cop!,ðɛɹ ɡowz wʌn tʌf tɑp kɑp!
Do thick tinkers think?,du θɪk tɪŋkɹ̩z θɪŋk?
Thelma sings the theme song.,θɛlmə sɪŋz ðə θim sɔŋ.
The undertaking that the,ðə ʌndɹ̩tejkɪŋ ðæt ðə
The undertaker undertook was the hardest undertaking the undertaker ever undertook to undertake.,ðə ʌndɹ̩tejkɹ̩ ʌndɹ̩tʊk wɑz ðə hɑɹdəst ʌndɹ̩tejkɪŋ ðə ʌndɹ̩tejkɹ̩ ɛvɹ̩ ʌndɹ̩tʊk tə ʌndɹ̩tejk.
Shops at the seashore are sure to lose.,ʃɑps æt ðə siʃɔɹ ɑɹ ʃʊɹ tə luz.
Do thick thinkers think?,du θɪk θɪŋkɹ̩z θɪŋk?
Twice we tripped toys.,twajs wi tɹɪpt tojz.
"She ceased shining shoes and socks, for shoes and socks shock Susan.","ʃi sist ʃajnɪŋ ʃuz ænd sɑks, fɔɹ ʃuz ænd sɑks ʃɑk suzən."
"Sheena leads, Sheila needs.","ʃinə lidz, ʃilə nidz."
There is a black spot on the black back of a black spotted hassock.,ðɛɹ ɪz ə blæk spɑt ɑn ðə blæk bæk ʌv ə blæk spɑtəd hæsək.
Those are real weird rear wheels.,ðowz ɑɹ ɹil wɪɹd ɹɪɹ wilz.
The top cop saw the cop top.,ðə tɑp kɑp sɔ ðə kɑp tɑp.
Pad kid poured curd pulled cold.,pæd kɪd pɔɹd kɹ̩d pʊld kowld.
Busy buzzing bumblebees buzz behind the brook.,bɪzi bʌzɪŋ bʌmbəlɪbiz bʌz bɪhajnd ðə bɹʊk.
"I scream, you scream, we all scream for ice cream","aj skɹim, ju skɹim, wi ɔl skɹim fɔɹ ajs kɹim"
Susie works in a shoeshine shop.,suzi wɹ̩ks ɪn ə ʃuʃajn ʃɑp.
"Where she shines she sits, and where she sits she shines","wɛɹ ʃi ʃajnz ʃi sɪts, ænd wɛɹ ʃi sɪts ʃi ʃajnz"
"Near an ear, a nearer ear, a nearly eerie ear","nɪɹ æn ɪɹ, ə nɪɹɹ̩ ɪɹ, ə nɪɹli ɪɹi ɪɹ"
I wish to wash my Irish wristwatch,aj wɪʃ tə wɑʃ maj ajɹɪʃ ɹɪstwɑt͡ʃ
Tom threw Tim three thumbtacks,tɑm θɹu tɪm θɹi θʌmbtæks
A big black bear sat on a big black rug,ə bɪɡ blæk bɛɹ sæt ɑn ə bɪɡ blæk ɹʌɡ
"So, this is the sushi chef","sow, ðɪs ɪz ðə suʃi ʃɛf"
Four fine fresh fish for you,fɔɹ fajn fɹɛʃ fɪʃ fɔɹ ju
Which witch is which?,wɪt͡ʃ wɪt͡ʃ ɪz wɪt͡ʃ?
Two tried and true tridents,tu tɹajd ænd tɹu tɹajdənts
She sees cheese,ʃi siz t͡ʃiz
"Fred fed Ted bread, and Ted fed Fred bread","fɹɛd fɛd tɛd bɹɛd, ænd tɛd fɛd fɹɛd bɹɛd"
"Denise sees the fleece, Denise sees the fleas.","dɪnis siz ðə flis, dɪnis siz ðə fliz."
At least Denise could sneeze and feed and freeze the fleas.,æt list dɪnis kʊd sniz ænd fid ænd fɹiz ðə fliz.
"Awaiting the sensation of a short, sharp shock,","əwejtɪŋ ðə sɛnsejʃən ʌv ə ʃɔɹt, ʃɑɹp ʃɑk,"
Ann and Andy's anniversary is in April.,æn ænd ændiz ænəvɹ̩sɹ̩i ɪz ɪn ejpɹəl.
"Mr. Tongue Twister tried to train his tongue to twist and turn, and twit an twat, to learn the letter T.","mɪstɹ̩. tʌŋ twɪstɹ̩ tɹajd tə tɹejn hɪz tʌŋ tə twɪst ænd tɹ̩n, ænd twɪt æn twɑt, tə lɹ̩n ðə lɛtɹ̩ ti."
Peter's papa poked to the pea patch to pick a peck of peas for the poor pink pig in the pine hole pig-pen.,pitɹ̩z pɑpə powkt tə ðə pi pæt͡ʃ tə pɪk ə pɛk ʌv piz fɔɹ ðə pʊɹ pɪŋk pɪɡ ɪn ðə pajn howl pɪɡ-pɛn.
She saw Sherif's shoes on the sofa. But was she so sure she saw Sherif's shoes on the sofa?,ʃi sɔ ʃɛɹɪfz ʃuz ɑn ðə sowfə. bʌt wɑz ʃi sow ʃʊɹ ʃi sɔ ʃɛɹɪfz ʃuz ɑn ðə sowfə?
Tie twine to three tree twigs.,taj twajn tə θɹi tɹi twɪɡz.
Three short sword sheaths unsheathed there.,θɹi ʃɔɹt sɔɹd ʃiθs ənʃiðd ðɛɹ.
The queen in green screamed.,ðə kwin ɪn ɡɹin skɹimd.
I saw a saw that could out saw any saw I ever saw saw. If you happen to see a saw that can out saw the saw I saw saw I'd like to see the saw you saw saw.,aj sɔ ə sɔ ðæt kʊd awt sɔ ɛni sɔ aj ɛvɹ̩ sɔ sɔ. ɪf ju hæpən tə si ə sɔ ðæt kæn awt sɔ ðə sɔ aj sɔ sɔ ɪd lajk tə si ðə sɔ ju sɔ sɔ.
"How many berries could a bare berry carry, if a bare berry could carry berries? Well they can't carry berries (which could make you very wary) but a bare berry carried is more scary!","haw mɛni bɛɹiz kʊd ə bɛɹ bɛɹi kæɹi, ɪf ə bɛɹ bɛɹi kʊd kæɹi bɛɹiz? wɛl ðej kænt kæɹi bɛɹiz (wɪt͡ʃ kʊd mejk ju vɛɹi wɛɹi) bʌt ə bɛɹ bɛɹi kæɹid ɪz mɔɹ skɛɹi!"
Six slimy snails sailed silently.,sɪks slajmi snejlz sejld sajləntli.
Seven slick slimey snakes slowly sliding southward.,sɛvən slɪk slajmi snejks slowli slajdɪŋ sawθwɹ̩d.
Roofs of mushrooms rarely mush too much.,ɹufs ʌv mʌʃɹumz ɹɛɹli mʌʃ tu mʌt͡ʃ.
He threw three balls.,hi θɹu θɹi bɔlz.
Singing Sammy sung songs on sinking sand.,sɪŋɪŋ sæmi sʌŋ sɔŋz ɑn sɪŋkɪŋ sænd.
On a lazy laser raiser lies a laser ray eraser.,ɑn ə lejzi lejzɹ̩ ɹejzɹ̩ lajz ə lejzɹ̩ ɹej ɪɹejsɹ̩.
"Scissors sizzle, thistles sizzle.","sɪzɹ̩z sɪzəl, θɪsəlz sɪzəl."
Fresh French fried fly fritters froze into frost.,fɹɛʃ fɹɛnt͡ʃ fɹajd flaj fɹɪtɹ̩z fɹowz ɪntu fɹɔst.
Eddie edited it.,ɛdi ɛdətəd ɪt.
The ruddy widow really wants ripe watermelon and red roses when winter arrives.,ðə ɹʌdi wɪdow ɹɪli wɑnts ɹajp wɔtɹ̩mɛlən ænd ɹɛd ɹowzɪz wɛn wɪntɹ̩ ɹ̩ajvz.
Tommy Tucker tried to tie Tammy's the turtle's tie.,tɑmi tʌkɹ̩ tɹajd tə taj tæmiz ðə tɹ̩tlɛz taj.
This is the sixth zebra snoozing thoroughly.,ðɪs ɪz ðə sɪksθ zibɹə snuzɪŋ θɹ̩owli.
I eat eel while you peel eel,aj it il wajl ju pil il
Seven sleazy shysters in sharkskin suits sold sheared sealskins to seasick sailors.,sɛvən slizi ʃajstɹ̩z ɪn ʃɑɹkskɪn suts sowld ʃɪɹd silskɪnz tə sisɪk sejlɹ̩z.
"I slit a sheet, a sheet I slit, upon a slitted sheet I sit.","aj slɪt ə ʃit, ə ʃit aj slɪt, əpɑn ə slɪtɪd ʃit aj sɪt."
Knife and a fork bottle and a cork that is the way you spell New York.,najf ænd ə fɔɹk bɑtəl ænd ə kɔɹk ðæt ɪz ðə wej ju spɛl nu jɔɹk.
"Chicken in the car and the car can go, that is the way you spell Chicago.","t͡ʃɪkən ɪn ðə kɑɹ ænd ðə kɑɹ kæn ɡow, ðæt ɪz ðə wej ju spɛl ʃəkɑɡow."
"Buckets of bug blood, buckets of bug blood, buckets of bug blood.","bʌkəts ʌv bʌɡ blʌd, bʌkəts ʌv bʌɡ blʌd, bʌkəts ʌv bʌɡ blʌd."
I'm a sock cutter and I cut socks. I'm a sock cutter and I cut socks. I'm a sock cutter and I cut socks.,ɪm ə sɑk kʌtɹ̩ ænd aj kʌt sɑks. ɪm ə sɑk kʌtɹ̩ ænd aj kʌt sɑks. ɪm ə sɑk kʌtɹ̩ ænd aj kʌt sɑks.
"If Kantie can tie a tie and untie a tie, why can't I tie a tie and untie a tie like Kantie can.","ɪf kænti kæn taj ə taj ænd əntaj ə taj, waj kænt aj taj ə taj ænd əntaj ə taj lajk kænti kæn."
A black bloke's back brake-block broke.,ə blæk blowkəz bæk bɹejk-blɑk bɹowk.
Big black bugs bleed blue black blood but baby black bugs bleed blue blood.,bɪɡ blæk bʌɡz blid blu blæk blʌd bʌt bejbi blæk bʌɡz blid blu blʌd.
Six Czech cricket critics.,sɪks t͡ʃɛk kɹɪkət kɹɪtɪks.
Santa's short suit shrunk,sɑntəz ʃɔɹt sut ʃɹʌŋk
Willy's real rear wheel,wɪlɪz ɹil ɹɪɹ wil
The seething sea ceaseth and thus the seething sea sufficeth us.,ðə siθɪŋ si sisəθ ænd ðʌs ðə siθɪŋ si səfisɪθ ʌs.
Peter Piper picked a peck of pickled peppers,pitɹ̩ pajpɹ̩ pɪkt ə pɛk ʌv pɪkəld pɛpɹ̩z
A peck of pickled peppers Peter Piper picked,ə pɛk ʌv pɪkəld pɛpɹ̩z pitɹ̩ pajpɹ̩ pɪkt
Betty Botter bought a bit of butter.,bɛti bɑtɹ̩ bɑt ə bɪt ʌv bʌtɹ̩.
The butter Betty Botter bought was a bit bitter and made her batter bitter.,ðə bʌtɹ̩ bɛti bɑtɹ̩ bɑt wɑz ə bɪt bɪtɹ̩ ænd mejd hɹ̩ bætɹ̩ bɪtɹ̩.
So Betty Botter bought a bit of better butter making Betty Botter's bitter batter better.,sow bɛti bɑtɹ̩ bɑt ə bɪt ʌv bɛtɹ̩ bʌtɹ̩ mejkɪŋ bɛti bɑtɹ̩z bɪtɹ̩ bætɹ̩ bɛtɹ̩.
Shep Schwab shopped at Scott's Schnapps shop;,ʃɛp ʃwɑb ʃɑpt æt skɑtz ʃnæps ʃɑp;
One shot of Scott's Schnapps stopped Schwab's watch.,wʌn ʃɑt ʌv skɑtz ʃnæps stɑpt ʃwɔbz wɑt͡ʃ.
"Kleptomaniac Claude Cooper from Cleveland, who copped clean copper clappers kept in a closet","klɛptəmejniæk klɔd kupɹ̩ fɹʌm klivlənd, hu kɑpt klin kɑpɹ̩ klæpɹ̩z kɛpt ɪn ə klɑzət"
"Thistle sticks, sixty six thousand and six thistle sticks.","θɪsəl stɪks, sɪksti sɪks θawzənd ænd sɪks θɪsəl stɪks."
"Theophulous Thistle, the thistle sifter, thrust a thousand thistles through the thick of his thumb.","θejəfələs θɪsəl, ðə θɪsəl sɪftɹ̩, θɹʌst ə θawzənd θɪsəlz θɹu ðə θɪk ʌv hɪz θʌm."
Only royal oily royal oil boils,ownli ɹojəl ojli ɹojəl ojl bojlz
Six sick hicks nick six slick bricks with picks and sticks.,sɪks sɪk hɪks nɪk sɪks slɪk bɹɪks wɪð pɪks ænd stɪks.
One-one was a race horse. Two-two was one too. One-one won one race. Two-two won one too.,wʌn-wʌn wɑz ə ɹejs hɔɹs. tu-tu wɑz wʌn tu. wʌn-wʌn wʌn wʌn ɹejs. tu-tu wʌn wʌn tu.
Porpoise pierre peered at a pair of poor peers pouring pears past the pier,pɔɹpəz piɛɹ pɪɹd æt ə pɛɹ ʌv pʊɹ pɪɹz pɔɹɪŋ pɛɹz pæst ðə pɪɹ
Squatches squishing squelchy squashes,skwæt͡ʃəz skwɪʃɪŋ skwɛlki skwɑʃɪz
What if the moths were on the moth moss every month in a mob of moss moths? Would the monthly mob of moss moths mod the monthly moth moss or would the moss be mobbed with moths?,wʌt ɪf ðə mɔθs wɹ̩ ɑn ðə mɔθ mɔs ɛvɹ̩i mʌnθ ɪn ə mɑb ʌv mɔs mɔθs? wʊd ðə mʌnθli mɑb ʌv mɔs mɔθs mɑd ðə mʌnθli mɔθ mɔs ɔɹ wʊd ðə mɔs bi mɑbd wɪð mɔθs?
Akon the icon owner of the Acoin of the city Akon,ækɑn ðə ajkɑn ownɹ̩ ʌv ðə ɑkojn ʌv ðə sɪti ækɑn
Refrigerated tater freight makes great grated tater cakes,ɹɪfɹɪd͡ʒɹ̩ejtɪd tejtɹ̩ fɹejt mejks ɡɹejt ɡɹejtɪd tejtɹ̩ kejks
On day eight they ate their daily weight in dates they say date eight days from today,ɑn dej ejt ðej ejt ðɛɹ dejli wejt ɪn dejts ðej sej dejt ejt dejz fɹʌm tədej
I sing a sing-a-long along a long and icy log of icing.,aj sɪŋ ə sɪŋ-ə-lɔŋ əlɔŋ ə lɔŋ ænd ajsi lɔɡ ʌv ajsɪŋ.
A broad abroad alone and bored aboard a board long and broad,ə bɹɔd əbɹɔd əlown ænd bɔɹd əbɔɹd ə bɔɹd lɔŋ ænd bɹɔd
Cheap Tai Chi teacher tips chai tea,t͡ʃip taj kaj tit͡ʃɹ̩ tɪps t͡ʃaj ti
Maxwell Hackensack hacked well a hackey sack while Will Sackwell hacked Maxwell real well in an axe attack.,mækswɛl hækənsæk hækt wɛl ə hæki sæk wajl wɪl sækwɛl hækt mækswɛl ɹil wɛl ɪn æn æks ətæk.
"“These sheaths,” she seethed, “were seized by thieves.”","“ðiz ʃiθs,” ʃi siðd, “wɹ̩ sizd baj θivz.”"
Slipshod Slick shops sick ship slop.,slɪpʃɑd slɪk ʃɑps sɪk ʃɪp slɑp.
Where has the mean bean been in his beam dream,wɛɹ hæz ðə min bin bɪn ɪn hɪz bim dɹim
"Local cola, Lakota koala","lowkəl kowlə, ləkowtə kowɑlə"
Peter passionately patiently pet polite panthers peacefully,pitɹ̩ pæʃənətli pejʃəntli pɛt pəlajt pænθɹ̩z pisfəli
Buoyant buoys blew bits by Boston,bojənt buiz blu bɪts baj bɑstən
"Gravelly, glutinous growths get gloomily glomped up into a gross agglomeration inside a grumbling, grovelling glomerulus.","ɡɹævəli, ɡlutənəs ɡɹowθs ɡɛt ɡluməli ɡlɑmpt ʌp ɪntu ə ɡɹows əɡlɑmɹ̩ejʃən ɪnsajd ə ɡɹʌmbəlɪŋ, ɡɹowvɛlɪŋ ɡlɑmɹ̩ələs."
Page Parts Paths with Poor Partner Portner,pejd͡ʒ pɑɹts pæðz wɪð pʊɹ pɑɹtnɹ̩ pɔɹtnɹ̩
An enraging arranged engage,æn ɛnɹejd͡ʒɪŋ ɹ̩ejnd͡ʒd ɛnɡejd͡ʒ
"If you can’t scan the canned clam, hand-scan the clam can","ɪf ju kænt skæn ðə kænd klæm, hænd-skæn ðə klæm kæn"
Be wary of the weary werewolf at the weird weir where they wear fine wares.,bi wɛɹi ʌv ðə wɪɹi wɛɹwʊlf æt ðə wɪɹd wiɹ wɛɹ ðej wɛɹ fajn wɛɹz.
Beckham's bacon beacon beckoned,bɛkhæmz bejkən bikən bɛkənd
"Without qualms, the queasy queen of Quebec quickly quarantined the quirky, quaint quails after a questionable query.","wɪθawt kwɑmz, ðə kwizi kwin ʌv kwəbɛk kwɪkli kwɔɹəntind ðə kwɹ̩ki, kwejnt kwejlz æftɹ̩ ə kwɛst͡ʃənəbəl kwiɹi."
I ride dirk's dirt bike to knife fight night.,aj ɹajd dɹ̩kz dɹ̩t bajk tə najf fajt najt.
Wessex was west of Essex,wɛsəks wɑz wɛst ʌv ɛsɪks
The shower sink shrinks,ðə ʃawɹ̩ sɪŋk ʃɹɪŋks
"A daily dose of ""Daisy"" Dale Dunlap's Deli for dads and dandelions to dally and dabble in double dribbles","ə dejli dows ʌv ""dejzi"" dejl dʌnlæps dɛli fɔɹ dædz ænd dændəlajənz tə dæli ænd dæbəl ɪn dʌbəl dɹɪbəlz"
Which witch whipped which wrist?,wɪt͡ʃ wɪt͡ʃ wɪpt wɪt͡ʃ ɹɪst?
Real weird rear wheel drive.,ɹil wɪɹd ɹɪɹ wil dɹajv.
Otto Octavius oughta activate the auto activator on the outer octagon.,ɑtow ɑktejviəs ɔtə æktəvejt ðə ɔtow æktəvejtɹ̩ ɑn ðə awtɹ̩ ɑktəɡɑn.
"If you wore a mask while making masks, you’d be a masked mass mask maker.","ɪf ju wɔɹ ə mæsk wajl mejkɪŋ mæsks, jud bi ə mæskt mæs mæsk mejkɹ̩."
Perry and Ella paired a pair of parallel parallelograms,pɛɹi ænd ɛlə pɛɹd ə pɛɹ ʌv pɛɹəlɛl pɛɹələləɡɹæmz
Official fish'll fish official fish offal from official fish offal fissures.,əfɪʃəl fɪʃl fɪʃ əfɪʃəl fɪʃ ɑfəl fɹʌm əfɪʃəl fɪʃ ɑfəl fɪʃɹ̩z.
"If each which can switch one switch, which witch would switch which switch?","ɪf it͡ʃ wɪt͡ʃ kæn swɪt͡ʃ wʌn swɪt͡ʃ, wɪt͡ʃ wɪt͡ʃ wʊd swɪt͡ʃ wɪt͡ʃ swɪt͡ʃ?"
The Rother River withers with the Witham river's rhythm,ðə ɹɔθɹ̩ ɹɪvɹ̩ wɪðɹ̩z wɪð ðə wɪθəm ɹɪvɹ̩z ɹɪðəm
The current curry courier scurried hurriedly.,ðə kɹ̩ənt kʌɹi kɹ̩iɹ̩ skɹ̩id hɹ̩idli.
The butler burnt the butter but the bacon bore the brunt,ðə bʌtlɹ̩ bɹ̩nt ðə bʌtɹ̩ bʌt ðə bejkən bɔɹ ðə bɹʌnt
The jolly gray jay joyfully juggles hay.,ðə d͡ʒɑli ɡɹej d͡ʒej d͡ʒojfəli d͡ʒʌɡəlz hej.
We should show Sue this snow shoe.,wi ʃʊd ʃow su ðɪs snow ʃu.
Which wristwatch would a rich witch watch?,wɪt͡ʃ ɹɪstwɑt͡ʃ wʊd ə ɹɪt͡ʃ wɪt͡ʃ wɑt͡ʃ?
"A big bug bit a bold bald bear, and the bold bald bear bled blood badly.","ə bɪɡ bʌɡ bɪt ə bowld bɔld bɛɹ, ænd ðə bowld bɔld bɛɹ blɛd blʌd bædli."
What's wrong with Bob Loblaw's long oblong bong?,wætz ɹɔŋ wɪð bɑb lɑblɔz lɔŋ ɑblɔŋ bɑŋ?
Backslash splashback.,bækslæʃ splæʃbæk.
Bare beers bore bears but bears brew better beers.,bɛɹ bɪɹz bɔɹ bɛɹz bʌt bɛɹz bɹu bɛtɹ̩ bɪɹz.
Gilligan's vigilant diligence,ɡɪlɪɡənz vɪd͡ʒələnt dɪləd͡ʒəns
Hersh's cursed Turkish circus shirts,hɹ̩ʃz kɹ̩st tɹ̩kɪʃ sɹ̩kəs ʃɹ̩ts
Vlads dad doesn’t like vlads lads because vlads lads are bad,vlædz dæd dʌznt lajk vlædz lædz bɪkɔz vlædz lædz ɑɹ bæd
Mitchell the specialist schnitzel snitch will snitch your specialest schnitzel dish.,mɪt͡ʃəl ðə spɛʃələst ʃnɪtzəl snɪt͡ʃ wɪl snɪt͡ʃ jɔɹ spɛʃələst ʃnɪtzəl dɪʃ.
An ad hominem on an indomitable abdominal abominable snowman,æn æd hɑmɪnɛm ɑn æn ɪndɑmətəbəl æbdɑmənəl əbɑmənəbəl snowmæn
Muriel from the Bureau of ruined rural murals,mjʊɹiəl fɹʌm ðə bjʊɹow ʌv ɹuənd ɹʊɹəl mjʊɹəlz
Sharp shredders shred sharp cheddar,ʃɑɹp ʃɹɛdɹ̩z ʃɹɛd ʃɑɹp t͡ʃɛdɹ̩
The elite with the neat feet take a seat to meet and eat meat feat wheat from Sweet Pete,ðə ɪlit wɪð ðə nit fit tejk ə sit tə mit ænd it mit fit wit fɹʌm swit pit
"My gritty, witty city kitty","maj ɡɹɪti, wɪti sɪti kɪti"
Portnoy finds joy in hoi polloi boy toy,pɔɹtnoj fajndz d͡ʒoj ɪn hoj pɑloj boj toj
How would you enjoy joining Portnoy for a scorched soy porterhouse pork four-courser at Koi?,haw wʊd ju ɛnd͡ʒoj d͡ʒojnɪŋ pɔɹtnoj fɔɹ ə skɔɹt͡ʃt soj pɔɹtɹ̩haws pɔɹk fɔɹ-kɔɹsɹ̩ æt koj?
"Your dumb drone downed a tower and drowned Downtown Julie Brown’s dummy drum-y dum-dum-dum-dum, dousing her newly-found goose-down hand-me-down gown?","jɔɹ dʌm dɹown dawnd ə tawɹ̩ ænd dɹawnd dawntawn d͡ʒuli bɹawnz dʌmi dɹʌm-waj dʌm-dʌm-dʌm-dʌm, dawsɪŋ hɹ̩ nuli-fawnd ɡus-dawn hænd-mi-dawn ɡawn?"
Pass the fatter plaster platter faster,pæs ðə fætɹ̩ plæstɹ̩ plætɹ̩ fæstɹ̩
Selfish shellfish in your cell sell your cell for shellfish so that you can't selfishly sell your cell yourself for shellfish.,sɛlfɪʃ ʃɛlfɪʃ ɪn jɔɹ sɛl sɛl jɔɹ sɛl fɔɹ ʃɛlfɪʃ sow ðæt ju kænt sɛlfɪʃli sɛl jɔɹ sɛl jɹ̩sɛlf fɔɹ ʃɛlfɪʃ.
"What a great 'grape crepe' crate, Kate!","wʌt ə ɡɹejt ɡɹejp kɹɛpɪ kɹejt, kejt!"
Literally an illiterate little litterer,lɪtɹ̩əli æn ɪlɪtɹ̩ət lɪtəl lɪtɹ̩ɹ̩
A fun Norse horse-lord affords four fun fjords for forlorn fans.,ə fʌn nɔɹs hɔɹs-lɔɹd əfɔɹdz fɔɹ fʌn fjɔɹdz fɔɹ fɹ̩lɔɹn fænz.
"Juan won a one ton wonton, want one?","wɑn wʌn ə wʌn tʌn wɑntən, wɑnt wʌn?"
Wibbily wobbily wallaby wannabe wallowing wanting one wanton walloping,wɪbəəli wɑbəəli wɔləbi wɑnəbi wɑlowɪŋ wɑntɪŋ wʌn wɔntən wɔləpɪŋ
A mixed bag of mismatched dish raising,ə mɪkst bæɡ ʌv mɪsmæt͡ʃt dɪʃ ɹejzɪŋ
Three French-Friesian fiends fetched free fresh freesias.,θɹi fɹɛnt͡ʃ-fɹizən findz fɛt͡ʃt fɹi fɹɛʃ fɹiʒiəz.
Many an enemy of anemone's anonymous amenities,mɛni æn ɛnəmi ʌv ənmənəz ənɑnəməs əmɛnətiz
West once went whence Wentz once went west.,wɛst wʌns wɛnt wɛns wɛnts wʌns wɛnt wɛst.
Levi's lover loathes level leather levers.,lɛvɪz lʌvɹ̩ lowðz lɛvəl lɛðɹ̩ lɛvɹ̩z.
Sheik's chic chick Schicks six sick chicks' sticks,ʃiks ʃik t͡ʃɪk ʃɪks sɪks sɪk t͡ʃɪks stɪks
Pancaked by drunk dump truck driver,pænkejkt baj dɹʌŋk dʌmp tɹʌk dɹajvɹ̩
Will Smith shifts Phil Swift's smith swiftly,wɪl smɪθ ʃɪfts fɪl swɪftz smɪθ swɪftli
A deaf's depth of debt is death defying,ə dɛfz dɛpθ ʌv dɛt ɪz dɛθ dɪfajɪŋ
